model,bridge,anchor,seed,representation,prediction_space,training_mode,regularization,initialization,representation_training,representation_sha256,latent_layout,latent_shape,implementation,predictor_provenance,raw_backend,objective_weights,constraint_pair,constraint_path,constraint_decoder,constraint_contract,pinn_config,statistical_loss,statistical_loss_config,statistical_flow_config,conditional_flow_config,split_objective_weights,forecast_parameters,constraint_parameters,normalized_rmse,wind_speed_rmse_mps,finite_forecast_fraction,trainable_parameters,total_parameters,inference_seconds,training_seconds,conditioning,candidate_arm
mlp,latent,none,7,climate_manifold,latent,joint,full,fresh,jointly_trained,cc0f629eaa15d8932b6f67b5c350a89848a52986e7edf19fb2916ed6de6b3bd1,spatial,"[32, 8, 16]",spatial_mlp,,,"{""distribution"": 0.1, ""information"": 0.0, ""physics"": 0.0, ""pinn"": 0.1, ""reconstruction"": 0.1, ""static"": 0.0}",pinn_statistical,observed_reconstruction,separate_surface_and_information,"{""decoder"": ""separate_surface_and_information"", ""forecast_decoder_in_constraints"": false, ""groups"": [""pinn"", ""statistical""], ""observed_pair"": ""origin-6h,origin"", ""pair"": ""pinn_statistical"", ""pinn_tendency_supervision"": false, ""reconstruction"": ""mean of independent surface and dynamic-information pointwise reconstruction"", ""separate_reconstruction_decoder"": true, ""surface_decoder_in_constraints"": true, ""version"": ""climate_manifold.reconstruction_constraints.v3""}","{""closure_weight"": 0.01, ""continuity_weight"": 0.1, ""levels_hpa"": [500, 850], ""ramp_epochs"": 1, ""tendency_weight"": 0.1, ""thickness_weight"": 0.1, ""warmup_epochs"": 0, ""weight"": 0.1}",w2,"{""estimator"": ""area_weighted_inverse_cdf_midpoints_v1"", ""kind"": ""w2"", ""quantiles"": 32}",null,null,"{""pinn"": 0.1, ""reconstruction"": 0.1, ""static"": 0.0, ""statistical"": 0.1}",840676,550354,0.72339349676247,2.201228699404276,1.0,1391030,1391030,13.569118563085794,182.49278271198273,"{""climode_static_constants"": false, ""direct_origin_information"": false, ""manifold_origin_information"": true, ""observed_information_available"": true}",pinn_statistical
mlp,latent,none,7,climate_manifold,latent,joint,full,fresh,jointly_trained,dc76fdc078c36af9d0c9e1613417d37e9a004e0b2c052e3dfca9645c470cc4ca,spatial,"[32, 8, 16]",spatial_mlp,,,"{""distribution"": 0.1, ""information"": 0.0, ""physics"": 0.0, ""pinn"": 0.1, ""reconstruction"": 0.1, ""static"": 0.0}",pinn_statistical,observed_reconstruction,separate_surface_and_information,"{""decoder"": ""separate_surface_and_information"", ""forecast_decoder_in_constraints"": false, ""groups"": [""pinn"", ""statistical""], ""observed_pair"": ""origin-6h,origin"", ""pair"": ""pinn_statistical"", ""pinn_tendency_supervision"": false, ""reconstruction"": ""mean of independent surface and dynamic-information pointwise reconstruction"", ""separate_reconstruction_decoder"": true, ""surface_decoder_in_constraints"": true, ""version"": ""climate_manifold.reconstruction_constraints.v3""}","{""closure_weight"": 0.01, ""continuity_weight"": 0.1, ""levels_hpa"": [500, 850], ""ramp_epochs"": 1, ""tendency_weight"": 0.1, ""thickness_weight"": 0.1, ""warmup_epochs"": 0, ""weight"": 0.1}",kl_entropy,"{""bandwidth"": 0.2, ""bins"": 64, ""direction"": ""observed||reconstructed"", ""epsilon"": 1e-06, ""estimator"": ""area_weighted_sigmoid_bins_with_tail_bins_v1"", ""kind"": ""kl_entropy"", ""range"": 6.0}",null,null,"{""pinn"": 0.1, ""reconstruction"": 0.1, ""static"": 0.0, ""statistical"": 0.1}",840676,550354,0.724722059504403,2.214917181048361,1.0,1391030,1391030,14.533794716000557,179.41462164744735,"{""climode_static_constants"": false, ""direct_origin_information"": false, ""manifold_origin_information"": true, ""observed_information_available"": true}",pinn_statistical:kl_entropy
mlp,raw,none,7,raw,field,joint,none,fresh,none,,,,raw_spatial_mlp,,matched,"{""distribution"": 0.0, ""information"": 0.0, ""physics"": 0.0, ""pinn"": 0.0, ""reconstruction"": 0.0, ""static"": 0.0}",,,,null,null,,null,null,null,null,497540,0,0.7176347824175116,2.1322714282251964,1.0,497540,497540,11.374999951571226,100.74788432195783,"{""climode_static_constants"": false, ""direct_origin_information"": true, ""manifold_origin_information"": false, ""observed_information_available"": true}",raw
neural_ode,latent,none,7,climate_manifold,latent,joint,full,fresh,jointly_trained,1ede45ff500f6572b5acece6985ed3571ee06c9e14285f07acf9355f850fcbfb,spatial,"[32, 8, 16]",spatial_neural_ode,,,"{""distribution"": 0.1, ""information"": 0.0, ""physics"": 0.0, ""pinn"": 0.1, ""reconstruction"": 0.1, ""static"": 0.0}",pinn_statistical,observed_reconstruction,separate_surface_and_information,"{""decoder"": ""separate_surface_and_information"", ""forecast_decoder_in_constraints"": false, ""groups"": [""pinn"", ""statistical""], ""observed_pair"": ""origin-6h,origin"", ""pair"": ""pinn_statistical"", ""pinn_tendency_supervision"": false, ""reconstruction"": ""mean of independent surface and dynamic-information pointwise reconstruction"", ""separate_reconstruction_decoder"": true, ""surface_decoder_in_constraints"": true, ""version"": ""climate_manifold.reconstruction_constraints.v3""}","{""closure_weight"": 0.01, ""continuity_weight"": 0.1, ""levels_hpa"": [500, 850], ""ramp_epochs"": 1, ""tendency_weight"": 0.1, ""thickness_weight"": 0.1, ""warmup_epochs"": 0, ""weight"": 0.1}",w2,"{""estimator"": ""area_weighted_inverse_cdf_midpoints_v1"", ""kind"": ""w2"", ""quantiles"": 32}",null,null,"{""pinn"": 0.1, ""reconstruction"": 0.1, ""static"": 0.0, ""statistical"": 0.1}",840676,550354,0.7233144658857051,2.197232043388359,1.0,1391030,1391030,68.05585608258843,558.1958495303988,"{""climode_static_constants"": false, ""direct_origin_information"": false, ""manifold_origin_information"": true, ""observed_information_available"": true}",pinn_statistical
neural_ode,latent,none,7,climate_manifold,latent,joint,full,fresh,jointly_trained,d67e269beaa60e0de7ac4225f48fb146fdd6ed4bd615fdd6cf32096619163fcb,spatial,"[32, 8, 16]",spatial_neural_ode,,,"{""distribution"": 0.1, ""information"": 0.0, ""physics"": 0.0, ""pinn"": 0.1, ""reconstruction"": 0.1, ""static"": 0.0}",pinn_statistical,observed_reconstruction,separate_surface_and_information,"{""decoder"": ""separate_surface_and_information"", ""forecast_decoder_in_constraints"": false, ""groups"": [""pinn"", ""statistical""], ""observed_pair"": ""origin-6h,origin"", ""pair"": ""pinn_statistical"", ""pinn_tendency_supervision"": false, ""reconstruction"": ""mean of independent surface and dynamic-information pointwise reconstruction"", ""separate_reconstruction_decoder"": true, ""surface_decoder_in_constraints"": true, ""version"": ""climate_manifold.reconstruction_constraints.v3""}","{""closure_weight"": 0.01, ""continuity_weight"": 0.1, ""levels_hpa"": [500, 850], ""ramp_epochs"": 1, ""tendency_weight"": 0.1, ""thickness_weight"": 0.1, ""warmup_epochs"": 0, ""weight"": 0.1}",kl_entropy,"{""bandwidth"": 0.2, ""bins"": 64, ""direction"": ""observed||reconstructed"", ""epsilon"": 1e-06, ""estimator"": ""area_weighted_sigmoid_bins_with_tail_bins_v1"", ""kind"": ""kl_entropy"", ""range"": 6.0}",null,null,"{""pinn"": 0.1, ""reconstruction"": 0.1, ""static"": 0.0, ""statistical"": 0.1}",840676,550354,0.7242350449244132,2.2140628351179608,1.0,1391030,1391030,69.90438599139452,567.7360467724502,"{""climode_static_constants"": false, ""direct_origin_information"": false, ""manifold_origin_information"": true, ""observed_information_available"": true}",pinn_statistical:kl_entropy
neural_ode,raw,none,7,raw,field,joint,none,fresh,none,,,,raw_spatial_neural_ode,,matched,"{""distribution"": 0.0, ""information"": 0.0, ""physics"": 0.0, ""pinn"": 0.0, ""reconstruction"": 0.0, ""static"": 0.0}",,,,null,null,,null,null,null,null,497540,0,0.7228786460921116,2.1243206083399286,1.0,497540,497540,63.8074851706624,544.2502444423735,"{""climode_static_constants"": false, ""direct_origin_information"": true, ""manifold_origin_information"": false, ""observed_information_available"": true}",raw
climode,latent,none,7,climate_manifold,latent,joint,full,fresh,jointly_trained,e6bf6432d2ce8b251d964cf8ab8e99ea1b37fab0a7fdb336dc9f256c3eb73bd5,spatial,"[32, 8, 16]",latent_climode_transport_adaptation_v1,,,"{""distribution"": 0.1, ""information"": 0.0, ""physics"": 0.0, ""pinn"": 0.1, ""reconstruction"": 0.1, ""static"": 0.0}",pinn_statistical,observed_reconstruction,separate_surface_and_information,"{""decoder"": ""separate_surface_and_information"", ""forecast_decoder_in_constraints"": false, ""groups"": [""pinn"", ""statistical""], ""observed_pair"": ""origin-6h,origin"", ""pair"": ""pinn_statistical"", ""pinn_tendency_supervision"": false, ""reconstruction"": ""mean of independent surface and dynamic-information pointwise reconstruction"", ""separate_reconstruction_decoder"": true, ""surface_decoder_in_constraints"": true, ""version"": ""climate_manifold.reconstruction_constraints.v3""}","{""closure_weight"": 0.01, ""continuity_weight"": 0.1, ""levels_hpa"": [500, 850], ""ramp_epochs"": 1, ""tendency_weight"": 0.1, ""thickness_weight"": 0.1, ""warmup_epochs"": 0, ""weight"": 0.1}",w2,"{""estimator"": ""area_weighted_inverse_cdf_midpoints_v1"", ""kind"": ""w2"", ""quantiles"": 32}",null,null,"{""pinn"": 0.1, ""reconstruction"": 0.1, ""static"": 0.0, ""statistical"": 0.1}",666564,550354,0.713260456346552,2.15331353903888,1.0,1216918,1216918,430.55979830771685,2635.3753273300827,"{""climode_static_constants"": false, ""direct_origin_information"": false, ""manifold_origin_information"": true, ""observed_information_available"": true}",pinn_statistical
climode,latent,none,7,climate_manifold,latent,joint,full,fresh,jointly_trained,8db462c002e4ae87273fe5ad2383e8ff1eae82e16a328634b1e6c7a34dc7e8f3,spatial,"[32, 8, 16]",latent_climode_transport_adaptation_v1,,,"{""distribution"": 0.1, ""information"": 0.0, ""physics"": 0.0, ""pinn"": 0.1, ""reconstruction"": 0.1, ""static"": 0.0}",pinn_statistical,observed_reconstruction,separate_surface_and_information,"{""decoder"": ""separate_surface_and_information"", ""forecast_decoder_in_constraints"": false, ""groups"": [""pinn"", ""statistical""], ""observed_pair"": ""origin-6h,origin"", ""pair"": ""pinn_statistical"", ""pinn_tendency_supervision"": false, ""reconstruction"": ""mean of independent surface and dynamic-information pointwise reconstruction"", ""separate_reconstruction_decoder"": true, ""surface_decoder_in_constraints"": true, ""version"": ""climate_manifold.reconstruction_constraints.v3""}","{""closure_weight"": 0.01, ""continuity_weight"": 0.1, ""levels_hpa"": [500, 850], ""ramp_epochs"": 1, ""tendency_weight"": 0.1, ""thickness_weight"": 0.1, ""warmup_epochs"": 0, ""weight"": 0.1}",kl_entropy,"{""bandwidth"": 0.2, ""bins"": 64, ""direction"": ""observed||reconstructed"", ""epsilon"": 1e-06, ""estimator"": ""area_weighted_sigmoid_bins_with_tail_bins_v1"", ""kind"": ""kl_entropy"", ""range"": 6.0}",null,null,"{""pinn"": 0.1, ""reconstruction"": 0.1, ""static"": 0.0, ""statistical"": 0.1}",666564,550354,0.7159532311018013,2.1311691663869925,1.0,1216918,1216918,437.17273453623056,2671.309501621872,"{""climode_static_constants"": false, ""direct_origin_information"": false, ""manifold_origin_information"": true, ""observed_information_available"": true}",pinn_statistical:kl_entropy
climode,raw,none,7,raw,field,joint,none,fresh,none,,,,raw_climode_transport_adaptation_v1,,matched,"{""distribution"": 0.0, ""information"": 0.0, ""physics"": 0.0, ""pinn"": 0.0, ""reconstruction"": 0.0, ""static"": 0.0}",,,,null,null,,null,null,null,null,248080,0,0.7592370367748239,2.4188910930852687,1.0,248080,248080,417.85931073501706,2644.7016402855515,"{""climode_static_constants"": false, ""direct_origin_information"": true, ""manifold_origin_information"": false, ""observed_information_available"": true}",raw
convlstm,latent,none,7,climate_manifold,latent,joint,full,fresh,jointly_trained,7f026f76505aa29cb529acb6d7b69314226c1c890c43f329f0a7af1dc201deb7,spatial,"[32, 8, 16]",convlstm_time_conditioned_adaptation_v1,"{'family': 'convlstm', 'implementation': 'convlstm_time_conditioned_adaptation_v1', 'upstream_source': 'https://github.com/chengtan9907/OpenSTL', 'upstream_commit': 'eecf8a3078f0a178dbc7b28723da20f94ce36985', 'implementation_variant': 'convlstm_time_conditioned_adaptation_v1', 'history_steps': 6, 'history_dt_hours': 24, 'output_time_unit': 'hours', 'uncertainty': 'deterministic', 'adaptation': 'spatial recurrent gates with physical-time-conditioned future evolution', 'reference_equivalence': 'local climate forecasting adaptation, not original paper benchmark reproduction'}",,"{""distribution"": 0.1, ""information"": 0.0, ""physics"": 0.0, ""pinn"": 0.1, ""reconstruction"": 0.1, ""static"": 0.0}",pinn_statistical,observed_reconstruction,separate_surface_and_information,"{""decoder"": ""separate_surface_and_information"", ""forecast_decoder_in_constraints"": false, ""groups"": [""pinn"", ""statistical""], ""observed_pair"": ""origin-6h,origin"", ""pair"": ""pinn_statistical"", ""pinn_tendency_supervision"": false, ""reconstruction"": ""mean of independent surface and dynamic-information pointwise reconstruction"", ""separate_reconstruction_decoder"": true, ""surface_decoder_in_constraints"": true, ""version"": ""climate_manifold.reconstruction_constraints.v3""}","{""closure_weight"": 0.01, ""continuity_weight"": 0.1, ""levels_hpa"": [500, 850], ""ramp_epochs"": 1, ""tendency_weight"": 0.1, ""thickness_weight"": 0.1, ""warmup_epochs"": 0, ""weight"": 0.1}",w2,"{""estimator"": ""area_weighted_inverse_cdf_midpoints_v1"", ""kind"": ""w2"", ""quantiles"": 32}",null,null,"{""pinn"": 0.1, ""reconstruction"": 0.1, ""static"": 0.0, ""statistical"": 0.1}",1053924,550354,0.6938980169074187,2.1889779108997596,1.0,1604278,1604278,24.09288851171732,198.93538943305612,"{""climode_static_constants"": false, ""direct_origin_information"": false, ""manifold_origin_information"": true, ""observed_information_available"": true}",pinn_statistical
convlstm,latent,none,7,climate_manifold,latent,joint,full,fresh,jointly_trained,dc7ed2b9f2e764ecf80053f1c82e0d6276dd94fcb8e7645d8ba0bf9d190d65da,spatial,"[32, 8, 16]",convlstm_time_conditioned_adaptation_v1,"{'family': 'convlstm', 'implementation': 'convlstm_time_conditioned_adaptation_v1', 'upstream_source': 'https://github.com/chengtan9907/OpenSTL', 'upstream_commit': 'eecf8a3078f0a178dbc7b28723da20f94ce36985', 'implementation_variant': 'convlstm_time_conditioned_adaptation_v1', 'history_steps': 6, 'history_dt_hours': 24, 'output_time_unit': 'hours', 'uncertainty': 'deterministic', 'adaptation': 'spatial recurrent gates with physical-time-conditioned future evolution', 'reference_equivalence': 'local climate forecasting adaptation, not original paper benchmark reproduction'}",,"{""distribution"": 0.1, ""information"": 0.0, ""physics"": 0.0, ""pinn"": 0.1, ""reconstruction"": 0.1, ""static"": 0.0}",pinn_statistical,observed_reconstruction,separate_surface_and_information,"{""decoder"": ""separate_surface_and_information"", ""forecast_decoder_in_constraints"": false, ""groups"": [""pinn"", ""statistical""], ""observed_pair"": ""origin-6h,origin"", ""pair"": ""pinn_statistical"", ""pinn_tendency_supervision"": false, ""reconstruction"": ""mean of independent surface and dynamic-information pointwise reconstruction"", ""separate_reconstruction_decoder"": true, ""surface_decoder_in_constraints"": true, ""version"": ""climate_manifold.reconstruction_constraints.v3""}","{""closure_weight"": 0.01, ""continuity_weight"": 0.1, ""levels_hpa"": [500, 850], ""ramp_epochs"": 1, ""tendency_weight"": 0.1, ""thickness_weight"": 0.1, ""warmup_epochs"": 0, ""weight"": 0.1}",kl_entropy,"{""bandwidth"": 0.2, ""bins"": 64, ""direction"": ""observed||reconstructed"", ""epsilon"": 1e-06, ""estimator"": ""area_weighted_sigmoid_bins_with_tail_bins_v1"", ""kind"": ""kl_entropy"", ""range"": 6.0}",null,null,"{""pinn"": 0.1, ""reconstruction"": 0.1, ""static"": 0.0, ""statistical"": 0.1}",1053924,550354,0.6956464275672823,2.201623338480618,1.0,1604278,1604278,24.08914950489998,210.02260077744722,"{""climode_static_constants"": false, ""direct_origin_information"": false, ""manifold_origin_information"": true, ""observed_information_available"": true}",pinn_statistical:kl_entropy
convlstm,raw,none,7,raw,field,joint,none,fresh,none,,,,convlstm_time_conditioned_adaptation_v1,"{'family': 'convlstm', 'implementation': 'convlstm_time_conditioned_adaptation_v1', 'upstream_source': 'https://github.com/chengtan9907/OpenSTL', 'upstream_commit': 'eecf8a3078f0a178dbc7b28723da20f94ce36985', 'implementation_variant': 'convlstm_time_conditioned_adaptation_v1', 'history_steps': 6, 'history_dt_hours': 24, 'output_time_unit': 'hours', 'uncertainty': 'deterministic', 'adaptation': 'spatial recurrent gates with physical-time-conditioned future evolution', 'reference_equivalence': 'local climate forecasting adaptation, not original paper benchmark reproduction'}",matched,"{""distribution"": 0.0, ""information"": 0.0, ""physics"": 0.0, ""pinn"": 0.0, ""reconstruction"": 0.0, ""static"": 0.0}",,,,null,null,,null,null,null,null,855940,0,0.6668837757953865,2.0167236800776926,1.0,855940,855940,20.39002864435315,178.0335370786488,"{""climode_static_constants"": false, ""direct_origin_information"": true, ""manifold_origin_information"": false, ""observed_information_available"": true}",raw
simvp,latent,none,7,climate_manifold,latent,joint,full,fresh,jointly_trained,ac6abd89b88ccbc14cdc08cb13e2705657ab469ad7a529da7b63c98e096f1b6b,spatial,"[32, 8, 16]",simvp_gsta_lead_conditioned_adaptation_v1,"{'family': 'simvp', 'implementation': 'simvp_gsta_lead_conditioned_adaptation_v1', 'upstream_source': 'https://github.com/chengtan9907/OpenSTL', 'upstream_commit': 'eecf8a3078f0a178dbc7b28723da20f94ce36985', 'implementation_variant': 'openstl_gsta_direct_lead_v1', 'history_steps': 6, 'history_dt_hours': 24, 'output_time_unit': 'hours', 'uncertainty': 'deterministic', 'adaptation': 'spatial encoder/gSTA translator/decoder with lead-conditioned temporal mixing', 'reference_equivalence': 'local climate forecasting adaptation, not original paper benchmark reproduction'}",,"{""distribution"": 0.1, ""information"": 0.0, ""physics"": 0.0, ""pinn"": 0.1, ""reconstruction"": 0.1, ""static"": 0.0}",pinn_statistical,observed_reconstruction,separate_surface_and_information,"{""decoder"": ""separate_surface_and_information"", ""forecast_decoder_in_constraints"": false, ""groups"": [""pinn"", ""statistical""], ""observed_pair"": ""origin-6h,origin"", ""pair"": ""pinn_statistical"", ""pinn_tendency_supervision"": false, ""reconstruction"": ""mean of independent surface and dynamic-information pointwise reconstruction"", ""separate_reconstruction_decoder"": true, ""surface_decoder_in_constraints"": true, ""version"": ""climate_manifold.reconstruction_constraints.v3""}","{""closure_weight"": 0.01, ""continuity_weight"": 0.1, ""levels_hpa"": [500, 850], ""ramp_epochs"": 1, ""tendency_weight"": 0.1, ""thickness_weight"": 0.1, ""warmup_epochs"": 0, ""weight"": 0.1}",w2,"{""estimator"": ""area_weighted_inverse_cdf_midpoints_v1"", ""kind"": ""w2"", ""quantiles"": 32}",null,null,"{""pinn"": 0.1, ""reconstruction"": 0.1, ""static"": 0.0, ""statistical"": 0.1}",1364522,550354,0.7262919760973895,2.339314597225923,1.0,1914876,1914876,11.413127891719341,134.93015268817544,"{""climode_static_constants"": false, ""direct_origin_information"": false, ""manifold_origin_information"": true, ""observed_information_available"": true}",pinn_statistical
simvp,latent,none,7,climate_manifold,latent,joint,full,fresh,jointly_trained,570bfd8651fda7b48508a144fc8e3ccd3d9a06f498d29913cd4ab4d1eac8ffce,spatial,"[32, 8, 16]",simvp_gsta_lead_conditioned_adaptation_v1,"{'family': 'simvp', 'implementation': 'simvp_gsta_lead_conditioned_adaptation_v1', 'upstream_source': 'https://github.com/chengtan9907/OpenSTL', 'upstream_commit': 'eecf8a3078f0a178dbc7b28723da20f94ce36985', 'implementation_variant': 'openstl_gsta_direct_lead_v1', 'history_steps': 6, 'history_dt_hours': 24, 'output_time_unit': 'hours', 'uncertainty': 'deterministic', 'adaptation': 'spatial encoder/gSTA translator/decoder with lead-conditioned temporal mixing', 'reference_equivalence': 'local climate forecasting adaptation, not original paper benchmark reproduction'}",,"{""distribution"": 0.1, ""information"": 0.0, ""physics"": 0.0, ""pinn"": 0.1, ""reconstruction"": 0.1, ""static"": 0.0}",pinn_statistical,observed_reconstruction,separate_surface_and_information,"{""decoder"": ""separate_surface_and_information"", ""forecast_decoder_in_constraints"": false, ""groups"": [""pinn"", ""statistical""], ""observed_pair"": ""origin-6h,origin"", ""pair"": ""pinn_statistical"", ""pinn_tendency_supervision"": false, ""reconstruction"": ""mean of independent surface and dynamic-information pointwise reconstruction"", ""separate_reconstruction_decoder"": true, ""surface_decoder_in_constraints"": true, ""version"": ""climate_manifold.reconstruction_constraints.v3""}","{""closure_weight"": 0.01, ""continuity_weight"": 0.1, ""levels_hpa"": [500, 850], ""ramp_epochs"": 1, ""tendency_weight"": 0.1, ""thickness_weight"": 0.1, ""warmup_epochs"": 0, ""weight"": 0.1}",kl_entropy,"{""bandwidth"": 0.2, ""bins"": 64, ""direction"": ""observed||reconstructed"", ""epsilon"": 1e-06, ""estimator"": ""area_weighted_sigmoid_bins_with_tail_bins_v1"", ""kind"": ""kl_entropy"", ""range"": 6.0}",null,null,"{""pinn"": 0.1, ""reconstruction"": 0.1, ""static"": 0.0, ""statistical"": 0.1}",1364522,550354,0.7175282355703405,2.366924229788439,1.0,1914876,1914876,13.76365965232253,163.7629078514874,"{""climode_static_constants"": false, ""direct_origin_information"": false, ""manifold_origin_information"": true, ""observed_information_available"": true}",pinn_statistical:kl_entropy
simvp,raw,none,7,raw,field,joint,none,fresh,none,,,,simvp_gsta_lead_conditioned_adaptation_v1,"{'family': 'simvp', 'implementation': 'simvp_gsta_lead_conditioned_adaptation_v1', 'upstream_source': 'https://github.com/chengtan9907/OpenSTL', 'upstream_commit': 'eecf8a3078f0a178dbc7b28723da20f94ce36985', 'implementation_variant': 'openstl_gsta_direct_lead_v1', 'history_steps': 6, 'history_dt_hours': 24, 'output_time_unit': 'hours', 'uncertainty': 'deterministic', 'adaptation': 'spatial encoder/gSTA translator/decoder with lead-conditioned temporal mixing', 'reference_equivalence': 'local climate forecasting adaptation, not original paper benchmark reproduction'}",matched,"{""distribution"": 0.0, ""information"": 0.0, ""physics"": 0.0, ""pinn"": 0.0, ""reconstruction"": 0.0, ""static"": 0.0}",,,,null,null,,null,null,null,null,1229706,0,0.7090233735275536,2.244066702717066,1.0,1229706,1229706,9.19053703546524,88.91420570388436,"{""climode_static_constants"": false, ""direct_origin_information"": true, ""manifold_origin_information"": false, ""observed_information_available"": true}",raw
mlp,latent,none,19,climate_manifold,latent,joint,full,fresh,jointly_trained,ffe042329c67ebf65b5b9872333ebb69374d70f19946c615ab0eb64835bdbc35,spatial,"[32, 8, 16]",spatial_mlp,,,"{""distribution"": 0.1, ""information"": 0.0, ""physics"": 0.0, ""pinn"": 0.1, ""reconstruction"": 0.1, ""static"": 0.0}",pinn_statistical,observed_reconstruction,separate_surface_and_information,"{""decoder"": ""separate_surface_and_information"", ""forecast_decoder_in_constraints"": false, ""groups"": [""pinn"", ""statistical""], ""observed_pair"": ""origin-6h,origin"", ""pair"": ""pinn_statistical"", ""pinn_tendency_supervision"": false, ""reconstruction"": ""mean of independent surface and dynamic-information pointwise reconstruction"", ""separate_reconstruction_decoder"": true, ""surface_decoder_in_constraints"": true, ""version"": ""climate_manifold.reconstruction_constraints.v3""}","{""closure_weight"": 0.01, ""continuity_weight"": 0.1, ""levels_hpa"": [500, 850], ""ramp_epochs"": 1, ""tendency_weight"": 0.1, ""thickness_weight"": 0.1, ""warmup_epochs"": 0, ""weight"": 0.1}",w2,"{""estimator"": ""area_weighted_inverse_cdf_midpoints_v1"", ""kind"": ""w2"", ""quantiles"": 32}",null,null,"{""pinn"": 0.1, ""reconstruction"": 0.1, ""static"": 0.0, ""statistical"": 0.1}",840676,550354,0.7235511251152007,2.2713627412058117,1.0,1391030,1391030,12.85333026573062,147.95151897519827,"{""climode_static_constants"": false, ""direct_origin_information"": false, ""manifold_origin_information"": true, ""observed_information_available"": true}",pinn_statistical
mlp,latent,none,19,climate_manifold,latent,joint,full,fresh,jointly_trained,7ea4a481c86fd7908723287523823223632feb5644e7467123baefdb660a3860,spatial,"[32, 8, 16]",spatial_mlp,,,"{""distribution"": 0.1, ""information"": 0.0, ""physics"": 0.0, ""pinn"": 0.1, ""reconstruction"": 0.1, ""static"": 0.0}",pinn_statistical,observed_reconstruction,separate_surface_and_information,"{""decoder"": ""separate_surface_and_information"", ""forecast_decoder_in_constraints"": false, ""groups"": [""pinn"", ""statistical""], ""observed_pair"": ""origin-6h,origin"", ""pair"": ""pinn_statistical"", ""pinn_tendency_supervision"": false, ""reconstruction"": ""mean of independent surface and dynamic-information pointwise reconstruction"", ""separate_reconstruction_decoder"": true, ""surface_decoder_in_constraints"": true, ""version"": ""climate_manifold.reconstruction_constraints.v3""}","{""closure_weight"": 0.01, ""continuity_weight"": 0.1, ""levels_hpa"": [500, 850], ""ramp_epochs"": 1, ""tendency_weight"": 0.1, ""thickness_weight"": 0.1, ""warmup_epochs"": 0, ""weight"": 0.1}",kl_entropy,"{""bandwidth"": 0.2, ""bins"": 64, ""direction"": ""observed||reconstructed"", ""epsilon"": 1e-06, ""estimator"": ""area_weighted_sigmoid_bins_with_tail_bins_v1"", ""kind"": ""kl_entropy"", ""range"": 6.0}",null,null,"{""pinn"": 0.1, ""reconstruction"": 0.1, ""static"": 0.0, ""statistical"": 0.1}",840676,550354,0.7238732508441222,2.261967042350348,1.0,1391030,1391030,13.80362593010068,157.35018936172128,"{""climode_static_constants"": false, ""direct_origin_information"": false, ""manifold_origin_information"": true, ""observed_information_available"": true}",pinn_statistical:kl_entropy
mlp,raw,none,19,raw,field,joint,none,fresh,none,,,,raw_spatial_mlp,,matched,"{""distribution"": 0.0, ""information"": 0.0, ""physics"": 0.0, ""pinn"": 0.0, ""reconstruction"": 0.0, ""static"": 0.0}",,,,null,null,,null,null,null,null,497540,0,0.7036091246318449,2.141406899275054,1.0,497540,497540,11.260353974997997,93.51070762425661,"{""climode_static_constants"": false, ""direct_origin_information"": true, ""manifold_origin_information"": false, ""observed_information_available"": true}",raw
neural_ode,latent,none,19,climate_manifold,latent,joint,full,fresh,jointly_trained,b55669f6f5d211751bed6cac20c4558cc116a8f5c9adc471f28c8ed46598f934,spatial,"[32, 8, 16]",spatial_neural_ode,,,"{""distribution"": 0.1, ""information"": 0.0, ""physics"": 0.0, ""pinn"": 0.1, ""reconstruction"": 0.1, ""static"": 0.0}",pinn_statistical,observed_reconstruction,separate_surface_and_information,"{""decoder"": ""separate_surface_and_information"", ""forecast_decoder_in_constraints"": false, ""groups"": [""pinn"", ""statistical""], ""observed_pair"": ""origin-6h,origin"", ""pair"": ""pinn_statistical"", ""pinn_tendency_supervision"": false, ""reconstruction"": ""mean of independent surface and dynamic-information pointwise reconstruction"", ""separate_reconstruction_decoder"": true, ""surface_decoder_in_constraints"": true, ""version"": ""climate_manifold.reconstruction_constraints.v3""}","{""closure_weight"": 0.01, ""continuity_weight"": 0.1, ""levels_hpa"": [500, 850], ""ramp_epochs"": 1, ""tendency_weight"": 0.1, ""thickness_weight"": 0.1, ""warmup_epochs"": 0, ""weight"": 0.1}",w2,"{""estimator"": ""area_weighted_inverse_cdf_midpoints_v1"", ""kind"": ""w2"", ""quantiles"": 32}",null,null,"{""pinn"": 0.1, ""reconstruction"": 0.1, ""static"": 0.0, ""statistical"": 0.1}",840676,550354,0.7240752323412197,2.273170381202113,1.0,1391030,1391030,62.93449353054166,511.8868928514421,"{""climode_static_constants"": false, ""direct_origin_information"": false, ""manifold_origin_information"": true, ""observed_information_available"": true}",pinn_statistical
neural_ode,latent,none,19,climate_manifold,latent,joint,full,fresh,jointly_trained,106dc53b7436480f56aded191418a6ebf2c0d8f7f5474b84398be91d6a42e697,spatial,"[32, 8, 16]",spatial_neural_ode,,,"{""distribution"": 0.1, ""information"": 0.0, ""physics"": 0.0, ""pinn"": 0.1, ""reconstruction"": 0.1, ""static"": 0.0}",pinn_statistical,observed_reconstruction,separate_surface_and_information,"{""decoder"": ""separate_surface_and_information"", ""forecast_decoder_in_constraints"": false, ""groups"": [""pinn"", ""statistical""], ""observed_pair"": ""origin-6h,origin"", ""pair"": ""pinn_statistical"", ""pinn_tendency_supervision"": false, ""reconstruction"": ""mean of independent surface and dynamic-information pointwise reconstruction"", ""separate_reconstruction_decoder"": true, ""surface_decoder_in_constraints"": true, ""version"": ""climate_manifold.reconstruction_constraints.v3""}","{""closure_weight"": 0.01, ""continuity_weight"": 0.1, ""levels_hpa"": [500, 850], ""ramp_epochs"": 1, ""tendency_weight"": 0.1, ""thickness_weight"": 0.1, ""warmup_epochs"": 0, ""weight"": 0.1}",kl_entropy,"{""bandwidth"": 0.2, ""bins"": 64, ""direction"": ""observed||reconstructed"", ""epsilon"": 1e-06, ""estimator"": ""area_weighted_sigmoid_bins_with_tail_bins_v1"", ""kind"": ""kl_entropy"", ""range"": 6.0}",null,null,"{""pinn"": 0.1, ""reconstruction"": 0.1, ""static"": 0.0, ""statistical"": 0.1}",840676,550354,0.7180092498237411,2.201803656345433,1.0,1391030,1391030,63.0176790766418,492.2998491488397,"{""climode_static_constants"": false, ""direct_origin_information"": false, ""manifold_origin_information"": true, ""observed_information_available"": true}",pinn_statistical:kl_entropy
neural_ode,raw,none,19,raw,field,joint,none,fresh,none,,,,raw_spatial_neural_ode,,matched,"{""distribution"": 0.0, ""information"": 0.0, ""physics"": 0.0, ""pinn"": 0.0, ""reconstruction"": 0.0, ""static"": 0.0}",,,,null,null,,null,null,null,null,497540,0,0.7078007499295667,2.1344939279272594,1.0,497540,497540,60.51726223900914,500.7790086194873,"{""climode_static_constants"": false, ""direct_origin_information"": true, ""manifold_origin_information"": false, ""observed_information_available"": true}",raw
climode,latent,none,19,climate_manifold,latent,joint,full,fresh,jointly_trained,b6a6a4ad89e27e1979aa5fd6d5fde7a829ddb99a2ae91c10ae3ecb70047be57a,spatial,"[32, 8, 16]",latent_climode_transport_adaptation_v1,,,"{""distribution"": 0.1, ""information"": 0.0, ""physics"": 0.0, ""pinn"": 0.1, ""reconstruction"": 0.1, ""static"": 0.0}",pinn_statistical,observed_reconstruction,separate_surface_and_information,"{""decoder"": ""separate_surface_and_information"", ""forecast_decoder_in_constraints"": false, ""groups"": [""pinn"", ""statistical""], ""observed_pair"": ""origin-6h,origin"", ""pair"": ""pinn_statistical"", ""pinn_tendency_supervision"": false, ""reconstruction"": ""mean of independent surface and dynamic-information pointwise reconstruction"", ""separate_reconstruction_decoder"": true, ""surface_decoder_in_constraints"": true, ""version"": ""climate_manifold.reconstruction_constraints.v3""}","{""closure_weight"": 0.01, ""continuity_weight"": 0.1, ""levels_hpa"": [500, 850], ""ramp_epochs"": 1, ""tendency_weight"": 0.1, ""thickness_weight"": 0.1, ""warmup_epochs"": 0, ""weight"": 0.1}",w2,"{""estimator"": ""area_weighted_inverse_cdf_midpoints_v1"", ""kind"": ""w2"", ""quantiles"": 32}",null,null,"{""pinn"": 0.1, ""reconstruction"": 0.1, ""static"": 0.0, ""statistical"": 0.1}",666564,550354,0.722629299304252,2.1915329987534444,1.0,1216918,1216918,421.09309070184827,2514.850108206272,"{""climode_static_constants"": false, ""direct_origin_information"": false, ""manifold_origin_information"": true, ""observed_information_available"": true}",pinn_statistical
climode,latent,none,19,climate_manifold,latent,joint,full,fresh,jointly_trained,79bdc84b2ecea597bb4ff0ddd456a78f673888ba709c25d6d814235b7c3d9373,spatial,"[32, 8, 16]",latent_climode_transport_adaptation_v1,,,"{""distribution"": 0.1, ""information"": 0.0, ""physics"": 0.0, ""pinn"": 0.1, ""reconstruction"": 0.1, ""static"": 0.0}",pinn_statistical,observed_reconstruction,separate_surface_and_information,"{""decoder"": ""separate_surface_and_information"", ""forecast_decoder_in_constraints"": false, ""groups"": [""pinn"", ""statistical""], ""observed_pair"": ""origin-6h,origin"", ""pair"": ""pinn_statistical"", ""pinn_tendency_supervision"": false, ""reconstruction"": ""mean of independent surface and dynamic-information pointwise reconstruction"", ""separate_reconstruction_decoder"": true, ""surface_decoder_in_constraints"": true, ""version"": ""climate_manifold.reconstruction_constraints.v3""}","{""closure_weight"": 0.01, ""continuity_weight"": 0.1, ""levels_hpa"": [500, 850], ""ramp_epochs"": 1, ""tendency_weight"": 0.1, ""thickness_weight"": 0.1, ""warmup_epochs"": 0, ""weight"": 0.1}",kl_entropy,"{""bandwidth"": 0.2, ""bins"": 64, ""direction"": ""observed||reconstructed"", ""epsilon"": 1e-06, ""estimator"": ""area_weighted_sigmoid_bins_with_tail_bins_v1"", ""kind"": ""kl_entropy"", ""range"": 6.0}",null,null,"{""pinn"": 0.1, ""reconstruction"": 0.1, ""static"": 0.0, ""statistical"": 0.1}",666564,550354,0.718997061454445,2.196819310510973,1.0,1216918,1216918,418.8093513585627,2522.6513683088124,"{""climode_static_constants"": false, ""direct_origin_information"": false, ""manifold_origin_information"": true, ""observed_information_available"": true}",pinn_statistical:kl_entropy
climode,raw,none,19,raw,field,joint,none,fresh,none,,,,raw_climode_transport_adaptation_v1,,matched,"{""distribution"": 0.0, ""information"": 0.0, ""physics"": 0.0, ""pinn"": 0.0, ""reconstruction"": 0.0, ""static"": 0.0}",,,,null,null,,null,null,null,null,248080,0,0.7635025581061037,2.425537721495897,1.0,248080,248080,405.25352823734283,2423.749873612076,"{""climode_static_constants"": false, ""direct_origin_information"": true, ""manifold_origin_information"": false, ""observed_information_available"": true}",raw
convlstm,latent,none,19,climate_manifold,latent,joint,full,fresh,jointly_trained,24694f993c17847e3b3329856a3b4cb827ffc6fb56e88c1e95c2ea5c8096367f,spatial,"[32, 8, 16]",convlstm_time_conditioned_adaptation_v1,"{'family': 'convlstm', 'implementation': 'convlstm_time_conditioned_adaptation_v1', 'upstream_source': 'https://github.com/chengtan9907/OpenSTL', 'upstream_commit': 'eecf8a3078f0a178dbc7b28723da20f94ce36985', 'implementation_variant': 'convlstm_time_conditioned_adaptation_v1', 'history_steps': 6, 'history_dt_hours': 24, 'output_time_unit': 'hours', 'uncertainty': 'deterministic', 'adaptation': 'spatial recurrent gates with physical-time-conditioned future evolution', 'reference_equivalence': 'local climate forecasting adaptation, not original paper benchmark reproduction'}",,"{""distribution"": 0.1, ""information"": 0.0, ""physics"": 0.0, ""pinn"": 0.1, ""reconstruction"": 0.1, ""static"": 0.0}",pinn_statistical,observed_reconstruction,separate_surface_and_information,"{""decoder"": ""separate_surface_and_information"", ""forecast_decoder_in_constraints"": false, ""groups"": [""pinn"", ""statistical""], ""observed_pair"": ""origin-6h,origin"", ""pair"": ""pinn_statistical"", ""pinn_tendency_supervision"": false, ""reconstruction"": ""mean of independent surface and dynamic-information pointwise reconstruction"", ""separate_reconstruction_decoder"": true, ""surface_decoder_in_constraints"": true, ""version"": ""climate_manifold.reconstruction_constraints.v3""}","{""closure_weight"": 0.01, ""continuity_weight"": 0.1, ""levels_hpa"": [500, 850], ""ramp_epochs"": 1, ""tendency_weight"": 0.1, ""thickness_weight"": 0.1, ""warmup_epochs"": 0, ""weight"": 0.1}",w2,"{""estimator"": ""area_weighted_inverse_cdf_midpoints_v1"", ""kind"": ""w2"", ""quantiles"": 32}",null,null,"{""pinn"": 0.1, ""reconstruction"": 0.1, ""static"": 0.0, ""statistical"": 0.1}",1053924,550354,0.6941459614628472,2.186606384295556,1.0,1604278,1604278,21.432733308523893,184.36807298660278,"{""climode_static_constants"": false, ""direct_origin_information"": false, ""manifold_origin_information"": true, ""observed_information_available"": true}",pinn_statistical
convlstm,latent,none,19,climate_manifold,latent,joint,full,fresh,jointly_trained,9357476126e11bd192bcaa52b7fd15c99dd396a9e514fc7d86fa28090443dada,spatial,"[32, 8, 16]",convlstm_time_conditioned_adaptation_v1,"{'family': 'convlstm', 'implementation': 'convlstm_time_conditioned_adaptation_v1', 'upstream_source': 'https://github.com/chengtan9907/OpenSTL', 'upstream_commit': 'eecf8a3078f0a178dbc7b28723da20f94ce36985', 'implementation_variant': 'convlstm_time_conditioned_adaptation_v1', 'history_steps': 6, 'history_dt_hours': 24, 'output_time_unit': 'hours', 'uncertainty': 'deterministic', 'adaptation': 'spatial recurrent gates with physical-time-conditioned future evolution', 'reference_equivalence': 'local climate forecasting adaptation, not original paper benchmark reproduction'}",,"{""distribution"": 0.1, ""information"": 0.0, ""physics"": 0.0, ""pinn"": 0.1, ""reconstruction"": 0.1, ""static"": 0.0}",pinn_statistical,observed_reconstruction,separate_surface_and_information,"{""decoder"": ""separate_surface_and_information"", ""forecast_decoder_in_constraints"": false, ""groups"": [""pinn"", ""statistical""], ""observed_pair"": ""origin-6h,origin"", ""pair"": ""pinn_statistical"", ""pinn_tendency_supervision"": false, ""reconstruction"": ""mean of independent surface and dynamic-information pointwise reconstruction"", ""separate_reconstruction_decoder"": true, ""surface_decoder_in_constraints"": true, ""version"": ""climate_manifold.reconstruction_constraints.v3""}","{""closure_weight"": 0.01, ""continuity_weight"": 0.1, ""levels_hpa"": [500, 850], ""ramp_epochs"": 1, ""tendency_weight"": 0.1, ""thickness_weight"": 0.1, ""warmup_epochs"": 0, ""weight"": 0.1}",kl_entropy,"{""bandwidth"": 0.2, ""bins"": 64, ""direction"": ""observed||reconstructed"", ""epsilon"": 1e-06, ""estimator"": ""area_weighted_sigmoid_bins_with_tail_bins_v1"", ""kind"": ""kl_entropy"", ""range"": 6.0}",null,null,"{""pinn"": 0.1, ""reconstruction"": 0.1, ""static"": 0.0, ""statistical"": 0.1}",1053924,550354,0.6901991670215007,2.160567104351972,1.0,1604278,1604278,20.96290023997426,193.39736281335354,"{""climode_static_constants"": false, ""direct_origin_information"": false, ""manifold_origin_information"": true, ""observed_information_available"": true}",pinn_statistical:kl_entropy
convlstm,raw,none,19,raw,field,joint,none,fresh,none,,,,convlstm_time_conditioned_adaptation_v1,"{'family': 'convlstm', 'implementation': 'convlstm_time_conditioned_adaptation_v1', 'upstream_source': 'https://github.com/chengtan9907/OpenSTL', 'upstream_commit': 'eecf8a3078f0a178dbc7b28723da20f94ce36985', 'implementation_variant': 'convlstm_time_conditioned_adaptation_v1', 'history_steps': 6, 'history_dt_hours': 24, 'output_time_unit': 'hours', 'uncertainty': 'deterministic', 'adaptation': 'spatial recurrent gates with physical-time-conditioned future evolution', 'reference_equivalence': 'local climate forecasting adaptation, not original paper benchmark reproduction'}",matched,"{""distribution"": 0.0, ""information"": 0.0, ""physics"": 0.0, ""pinn"": 0.0, ""reconstruction"": 0.0, ""static"": 0.0}",,,,null,null,,null,null,null,null,855940,0,0.6747166323615678,2.001706447093807,1.0,855940,855940,19.663238007575274,167.40543216839433,"{""climode_static_constants"": false, ""direct_origin_information"": true, ""manifold_origin_information"": false, ""observed_information_available"": true}",raw
simvp,latent,none,19,climate_manifold,latent,joint,full,fresh,jointly_trained,d7220c8cd36da7749a5b6efaaf4822838ec1d34cb167accf13633d5ad7821bdc,spatial,"[32, 8, 16]",simvp_gsta_lead_conditioned_adaptation_v1,"{'family': 'simvp', 'implementation': 'simvp_gsta_lead_conditioned_adaptation_v1', 'upstream_source': 'https://github.com/chengtan9907/OpenSTL', 'upstream_commit': 'eecf8a3078f0a178dbc7b28723da20f94ce36985', 'implementation_variant': 'openstl_gsta_direct_lead_v1', 'history_steps': 6, 'history_dt_hours': 24, 'output_time_unit': 'hours', 'uncertainty': 'deterministic', 'adaptation': 'spatial encoder/gSTA translator/decoder with lead-conditioned temporal mixing', 'reference_equivalence': 'local climate forecasting adaptation, not original paper benchmark reproduction'}",,"{""distribution"": 0.1, ""information"": 0.0, ""physics"": 0.0, ""pinn"": 0.1, ""reconstruction"": 0.1, ""static"": 0.0}",pinn_statistical,observed_reconstruction,separate_surface_and_information,"{""decoder"": ""separate_surface_and_information"", ""forecast_decoder_in_constraints"": false, ""groups"": [""pinn"", ""statistical""], ""observed_pair"": ""origin-6h,origin"", ""pair"": ""pinn_statistical"", ""pinn_tendency_supervision"": false, ""reconstruction"": ""mean of independent surface and dynamic-information pointwise reconstruction"", ""separate_reconstruction_decoder"": true, ""surface_decoder_in_constraints"": true, ""version"": ""climate_manifold.reconstruction_constraints.v3""}","{""closure_weight"": 0.01, ""continuity_weight"": 0.1, ""levels_hpa"": [500, 850], ""ramp_epochs"": 1, ""tendency_weight"": 0.1, ""thickness_weight"": 0.1, ""warmup_epochs"": 0, ""weight"": 0.1}",w2,"{""estimator"": ""area_weighted_inverse_cdf_midpoints_v1"", ""kind"": ""w2"", ""quantiles"": 32}",null,null,"{""pinn"": 0.1, ""reconstruction"": 0.1, ""static"": 0.0, ""statistical"": 0.1}",1364522,550354,0.7240274282222027,2.3160309547777347,1.0,1914876,1914876,11.8049001917243,125.76504997909069,"{""climode_static_constants"": false, ""direct_origin_information"": false, ""manifold_origin_information"": true, ""observed_information_available"": true}",pinn_statistical
simvp,latent,none,19,climate_manifold,latent,joint,full,fresh,jointly_trained,805f95d039d5c4a04b41d0a821c1e0c4ccecdf0001aa8d5ec9fbd9b5d22b9066,spatial,"[32, 8, 16]",simvp_gsta_lead_conditioned_adaptation_v1,"{'family': 'simvp', 'implementation': 'simvp_gsta_lead_conditioned_adaptation_v1', 'upstream_source': 'https://github.com/chengtan9907/OpenSTL', 'upstream_commit': 'eecf8a3078f0a178dbc7b28723da20f94ce36985', 'implementation_variant': 'openstl_gsta_direct_lead_v1', 'history_steps': 6, 'history_dt_hours': 24, 'output_time_unit': 'hours', 'uncertainty': 'deterministic', 'adaptation': 'spatial encoder/gSTA translator/decoder with lead-conditioned temporal mixing', 'reference_equivalence': 'local climate forecasting adaptation, not original paper benchmark reproduction'}",,"{""distribution"": 0.1, ""information"": 0.0, ""physics"": 0.0, ""pinn"": 0.1, ""reconstruction"": 0.1, ""static"": 0.0}",pinn_statistical,observed_reconstruction,separate_surface_and_information,"{""decoder"": ""separate_surface_and_information"", ""forecast_decoder_in_constraints"": false, ""groups"": [""pinn"", ""statistical""], ""observed_pair"": ""origin-6h,origin"", ""pair"": ""pinn_statistical"", ""pinn_tendency_supervision"": false, ""reconstruction"": ""mean of independent surface and dynamic-information pointwise reconstruction"", ""separate_reconstruction_decoder"": true, ""surface_decoder_in_constraints"": true, ""version"": ""climate_manifold.reconstruction_constraints.v3""}","{""closure_weight"": 0.01, ""continuity_weight"": 0.1, ""levels_hpa"": [500, 850], ""ramp_epochs"": 1, ""tendency_weight"": 0.1, ""thickness_weight"": 0.1, ""warmup_epochs"": 0, ""weight"": 0.1}",kl_entropy,"{""bandwidth"": 0.2, ""bins"": 64, ""direction"": ""observed||reconstructed"", ""epsilon"": 1e-06, ""estimator"": ""area_weighted_sigmoid_bins_with_tail_bins_v1"", ""kind"": ""kl_entropy"", ""range"": 6.0}",null,null,"{""pinn"": 0.1, ""reconstruction"": 0.1, ""static"": 0.0, ""statistical"": 0.1}",1364522,550354,0.7196485445074863,2.274714617995081,1.0,1914876,1914876,10.925956133753061,135.1592837460339,"{""climode_static_constants"": false, ""direct_origin_information"": false, ""manifold_origin_information"": true, ""observed_information_available"": true}",pinn_statistical:kl_entropy
simvp,raw,none,19,raw,field,joint,none,fresh,none,,,,simvp_gsta_lead_conditioned_adaptation_v1,"{'family': 'simvp', 'implementation': 'simvp_gsta_lead_conditioned_adaptation_v1', 'upstream_source': 'https://github.com/chengtan9907/OpenSTL', 'upstream_commit': 'eecf8a3078f0a178dbc7b28723da20f94ce36985', 'implementation_variant': 'openstl_gsta_direct_lead_v1', 'history_steps': 6, 'history_dt_hours': 24, 'output_time_unit': 'hours', 'uncertainty': 'deterministic', 'adaptation': 'spatial encoder/gSTA translator/decoder with lead-conditioned temporal mixing', 'reference_equivalence': 'local climate forecasting adaptation, not original paper benchmark reproduction'}",matched,"{""distribution"": 0.0, ""information"": 0.0, ""physics"": 0.0, ""pinn"": 0.0, ""reconstruction"": 0.0, ""static"": 0.0}",,,,null,null,,null,null,null,null,1229706,0,0.7036842480351924,2.2901556168197645,1.0,1229706,1229706,7.873235866427422,73.84623783826828,"{""climode_static_constants"": false, ""direct_origin_information"": true, ""manifold_origin_information"": false, ""observed_information_available"": true}",raw
mlp,latent,none,43,climate_manifold,latent,joint,full,fresh,jointly_trained,1d4cd6c32bb1e5457e511b8dd38111be15d1ad6f49d5be9464f66bfab180b3d0,spatial,"[32, 8, 16]",spatial_mlp,,,"{""distribution"": 0.1, ""information"": 0.0, ""physics"": 0.0, ""pinn"": 0.1, ""reconstruction"": 0.1, ""static"": 0.0}",pinn_statistical,observed_reconstruction,separate_surface_and_information,"{""decoder"": ""separate_surface_and_information"", ""forecast_decoder_in_constraints"": false, ""groups"": [""pinn"", ""statistical""], ""observed_pair"": ""origin-6h,origin"", ""pair"": ""pinn_statistical"", ""pinn_tendency_supervision"": false, ""reconstruction"": ""mean of independent surface and dynamic-information pointwise reconstruction"", ""separate_reconstruction_decoder"": true, ""surface_decoder_in_constraints"": true, ""version"": ""climate_manifold.reconstruction_constraints.v3""}","{""closure_weight"": 0.01, ""continuity_weight"": 0.1, ""levels_hpa"": [500, 850], ""ramp_epochs"": 1, ""tendency_weight"": 0.1, ""thickness_weight"": 0.1, ""warmup_epochs"": 0, ""weight"": 0.1}",w2,"{""estimator"": ""area_weighted_inverse_cdf_midpoints_v1"", ""kind"": ""w2"", ""quantiles"": 32}",null,null,"{""pinn"": 0.1, ""reconstruction"": 0.1, ""static"": 0.0, ""statistical"": 0.1}",840676,550354,0.71876876784628,2.2148019947527504,1.0,1391030,1391030,12.874841466546059,139.88838362321258,"{""climode_static_constants"": false, ""direct_origin_information"": false, ""manifold_origin_information"": true, ""observed_information_available"": true}",pinn_statistical
mlp,latent,none,43,climate_manifold,latent,joint,full,fresh,jointly_trained,08fd22efcabee9dadd4fe26e2be0dd3e994814c7dcc5ed8a0e9cf2676600a0a8,spatial,"[32, 8, 16]",spatial_mlp,,,"{""distribution"": 0.1, ""information"": 0.0, ""physics"": 0.0, ""pinn"": 0.1, ""reconstruction"": 0.1, ""static"": 0.0}",pinn_statistical,observed_reconstruction,separate_surface_and_information,"{""decoder"": ""separate_surface_and_information"", ""forecast_decoder_in_constraints"": false, ""groups"": [""pinn"", ""statistical""], ""observed_pair"": ""origin-6h,origin"", ""pair"": ""pinn_statistical"", ""pinn_tendency_supervision"": false, ""reconstruction"": ""mean of independent surface and dynamic-information pointwise reconstruction"", ""separate_reconstruction_decoder"": true, ""surface_decoder_in_constraints"": true, ""version"": ""climate_manifold.reconstruction_constraints.v3""}","{""closure_weight"": 0.01, ""continuity_weight"": 0.1, ""levels_hpa"": [500, 850], ""ramp_epochs"": 1, ""tendency_weight"": 0.1, ""thickness_weight"": 0.1, ""warmup_epochs"": 0, ""weight"": 0.1}",kl_entropy,"{""bandwidth"": 0.2, ""bins"": 64, ""direction"": ""observed||reconstructed"", ""epsilon"": 1e-06, ""estimator"": ""area_weighted_sigmoid_bins_with_tail_bins_v1"", ""kind"": ""kl_entropy"", ""range"": 6.0}",null,null,"{""pinn"": 0.1, ""reconstruction"": 0.1, ""static"": 0.0, ""statistical"": 0.1}",840676,550354,0.7216435935834566,2.2439387886718136,1.0,1391030,1391030,13.064034905284643,152.77567782625556,"{""climode_static_constants"": false, ""direct_origin_information"": false, ""manifold_origin_information"": true, ""observed_information_available"": true}",pinn_statistical:kl_entropy
mlp,raw,none,43,raw,field,joint,none,fresh,none,,,,raw_spatial_mlp,,matched,"{""distribution"": 0.0, ""information"": 0.0, ""physics"": 0.0, ""pinn"": 0.0, ""reconstruction"": 0.0, ""static"": 0.0}",,,,null,null,,null,null,null,null,497540,0,0.713658291805598,2.1969520300207113,1.0,497540,497540,11.692355021834373,90.73750096932054,"{""climode_static_constants"": false, ""direct_origin_information"": true, ""manifold_origin_information"": false, ""observed_information_available"": true}",raw
neural_ode,latent,none,43,climate_manifold,latent,joint,full,fresh,jointly_trained,2197d8d6d1592c6d83f517d289ac50c32087a699b644271bd8e7522b47068ace,spatial,"[32, 8, 16]",spatial_neural_ode,,,"{""distribution"": 0.1, ""information"": 0.0, ""physics"": 0.0, ""pinn"": 0.1, ""reconstruction"": 0.1, ""static"": 0.0}",pinn_statistical,observed_reconstruction,separate_surface_and_information,"{""decoder"": ""separate_surface_and_information"", ""forecast_decoder_in_constraints"": false, ""groups"": [""pinn"", ""statistical""], ""observed_pair"": ""origin-6h,origin"", ""pair"": ""pinn_statistical"", ""pinn_tendency_supervision"": false, ""reconstruction"": ""mean of independent surface and dynamic-information pointwise reconstruction"", ""separate_reconstruction_decoder"": true, ""surface_decoder_in_constraints"": true, ""version"": ""climate_manifold.reconstruction_constraints.v3""}","{""closure_weight"": 0.01, ""continuity_weight"": 0.1, ""levels_hpa"": [500, 850], ""ramp_epochs"": 1, ""tendency_weight"": 0.1, ""thickness_weight"": 0.1, ""warmup_epochs"": 0, ""weight"": 0.1}",w2,"{""estimator"": ""area_weighted_inverse_cdf_midpoints_v1"", ""kind"": ""w2"", ""quantiles"": 32}",null,null,"{""pinn"": 0.1, ""reconstruction"": 0.1, ""static"": 0.0, ""statistical"": 0.1}",840676,550354,0.7190994881322459,2.213724492072053,1.0,1391030,1391030,63.49038803577423,491.4009684622288,"{""climode_static_constants"": false, ""direct_origin_information"": false, ""manifold_origin_information"": true, ""observed_information_available"": true}",pinn_statistical
neural_ode,latent,none,43,climate_manifold,latent,joint,full,fresh,jointly_trained,08bfaf97c59dab2d5c01d7d69361978651121d33d7f771d94a85affe2d7d423a,spatial,"[32, 8, 16]",spatial_neural_ode,,,"{""distribution"": 0.1, ""information"": 0.0, ""physics"": 0.0, ""pinn"": 0.1, ""reconstruction"": 0.1, ""static"": 0.0}",pinn_statistical,observed_reconstruction,separate_surface_and_information,"{""decoder"": ""separate_surface_and_information"", ""forecast_decoder_in_constraints"": false, ""groups"": [""pinn"", ""statistical""], ""observed_pair"": ""origin-6h,origin"", ""pair"": ""pinn_statistical"", ""pinn_tendency_supervision"": false, ""reconstruction"": ""mean of independent surface and dynamic-information pointwise reconstruction"", ""separate_reconstruction_decoder"": true, ""surface_decoder_in_constraints"": true, ""version"": ""climate_manifold.reconstruction_constraints.v3""}","{""closure_weight"": 0.01, ""continuity_weight"": 0.1, ""levels_hpa"": [500, 850], ""ramp_epochs"": 1, ""tendency_weight"": 0.1, ""thickness_weight"": 0.1, ""warmup_epochs"": 0, ""weight"": 0.1}",kl_entropy,"{""bandwidth"": 0.2, ""bins"": 64, ""direction"": ""observed||reconstructed"", ""epsilon"": 1e-06, ""estimator"": ""area_weighted_sigmoid_bins_with_tail_bins_v1"", ""kind"": ""kl_entropy"", ""range"": 6.0}",null,null,"{""pinn"": 0.1, ""reconstruction"": 0.1, ""static"": 0.0, ""statistical"": 0.1}",840676,550354,0.7201844951434353,2.2300996085963876,1.0,1391030,1391030,68.19340965151787,529.7095834687352,"{""climode_static_constants"": false, ""direct_origin_information"": false, ""manifold_origin_information"": true, ""observed_information_available"": true}",pinn_statistical:kl_entropy
neural_ode,raw,none,43,raw,field,joint,none,fresh,none,,,,raw_spatial_neural_ode,,matched,"{""distribution"": 0.0, ""information"": 0.0, ""physics"": 0.0, ""pinn"": 0.0, ""reconstruction"": 0.0, ""static"": 0.0}",,,,null,null,,null,null,null,null,497540,0,0.7146960086276876,2.198566265392362,1.0,497540,497540,63.160749129951,524.262496419251,"{""climode_static_constants"": false, ""direct_origin_information"": true, ""manifold_origin_information"": false, ""observed_information_available"": true}",raw
climode,latent,none,43,climate_manifold,latent,joint,full,fresh,jointly_trained,f0ae8438b9f1a25c908b0b7f35a7602f6cd9b44e8fd12a863f305ca562f54321,spatial,"[32, 8, 16]",latent_climode_transport_adaptation_v1,,,"{""distribution"": 0.1, ""information"": 0.0, ""physics"": 0.0, ""pinn"": 0.1, ""reconstruction"": 0.1, ""static"": 0.0}",pinn_statistical,observed_reconstruction,separate_surface_and_information,"{""decoder"": ""separate_surface_and_information"", ""forecast_decoder_in_constraints"": false, ""groups"": [""pinn"", ""statistical""], ""observed_pair"": ""origin-6h,origin"", ""pair"": ""pinn_statistical"", ""pinn_tendency_supervision"": false, ""reconstruction"": ""mean of independent surface and dynamic-information pointwise reconstruction"", ""separate_reconstruction_decoder"": true, ""surface_decoder_in_constraints"": true, ""version"": ""climate_manifold.reconstruction_constraints.v3""}","{""closure_weight"": 0.01, ""continuity_weight"": 0.1, ""levels_hpa"": [500, 850], ""ramp_epochs"": 1, ""tendency_weight"": 0.1, ""thickness_weight"": 0.1, ""warmup_epochs"": 0, ""weight"": 0.1}",w2,"{""estimator"": ""area_weighted_inverse_cdf_midpoints_v1"", ""kind"": ""w2"", ""quantiles"": 32}",null,null,"{""pinn"": 0.1, ""reconstruction"": 0.1, ""static"": 0.0, ""statistical"": 0.1}",666564,550354,0.7086517661445446,2.1205758787683466,1.0,1216918,1216918,432.9402385763824,2856.119676448405,"{""climode_static_constants"": false, ""direct_origin_information"": false, ""manifold_origin_information"": true, ""observed_information_available"": true}",pinn_statistical
climode,latent,none,43,climate_manifold,latent,joint,full,fresh,jointly_trained,ebe45d2b5cf6f42d37a223b8363a75648c1b27907dab895d015dd5acf531e7b8,spatial,"[32, 8, 16]",latent_climode_transport_adaptation_v1,,,"{""distribution"": 0.1, ""information"": 0.0, ""physics"": 0.0, ""pinn"": 0.1, ""reconstruction"": 0.1, ""static"": 0.0}",pinn_statistical,observed_reconstruction,separate_surface_and_information,"{""decoder"": ""separate_surface_and_information"", ""forecast_decoder_in_constraints"": false, ""groups"": [""pinn"", ""statistical""], ""observed_pair"": ""origin-6h,origin"", ""pair"": ""pinn_statistical"", ""pinn_tendency_supervision"": false, ""reconstruction"": ""mean of independent surface and dynamic-information pointwise reconstruction"", ""separate_reconstruction_decoder"": true, ""surface_decoder_in_constraints"": true, ""version"": ""climate_manifold.reconstruction_constraints.v3""}","{""closure_weight"": 0.01, ""continuity_weight"": 0.1, ""levels_hpa"": [500, 850], ""ramp_epochs"": 1, ""tendency_weight"": 0.1, ""thickness_weight"": 0.1, ""warmup_epochs"": 0, ""weight"": 0.1}",kl_entropy,"{""bandwidth"": 0.2, ""bins"": 64, ""direction"": ""observed||reconstructed"", ""epsilon"": 1e-06, ""estimator"": ""area_weighted_sigmoid_bins_with_tail_bins_v1"", ""kind"": ""kl_entropy"", ""range"": 6.0}",null,null,"{""pinn"": 0.1, ""reconstruction"": 0.1, ""static"": 0.0, ""statistical"": 0.1}",666564,550354,0.7021995665086082,2.1180414100664744,1.0,1216918,1216918,436.92900099232793,2742.853677354753,"{""climode_static_constants"": false, ""direct_origin_information"": false, ""manifold_origin_information"": true, ""observed_information_available"": true}",pinn_statistical:kl_entropy
climode,raw,none,43,raw,field,joint,none,fresh,none,,,,raw_climode_transport_adaptation_v1,,matched,"{""distribution"": 0.0, ""information"": 0.0, ""physics"": 0.0, ""pinn"": 0.0, ""reconstruction"": 0.0, ""static"": 0.0}",,,,null,null,,null,null,null,null,248080,0,0.7622289056576954,2.411890488879956,1.0,248080,248080,444.1164696663618,2829.1278685852885,"{""climode_static_constants"": false, ""direct_origin_information"": true, ""manifold_origin_information"": false, ""observed_information_available"": true}",raw
convlstm,latent,none,43,climate_manifold,latent,joint,full,fresh,jointly_trained,8d009fb099aa6fee118db358396c91b60bb7a6e272cacafb8b4e4a2e14003215,spatial,"[32, 8, 16]",convlstm_time_conditioned_adaptation_v1,"{'family': 'convlstm', 'implementation': 'convlstm_time_conditioned_adaptation_v1', 'upstream_source': 'https://github.com/chengtan9907/OpenSTL', 'upstream_commit': 'eecf8a3078f0a178dbc7b28723da20f94ce36985', 'implementation_variant': 'convlstm_time_conditioned_adaptation_v1', 'history_steps': 6, 'history_dt_hours': 24, 'output_time_unit': 'hours', 'uncertainty': 'deterministic', 'adaptation': 'spatial recurrent gates with physical-time-conditioned future evolution', 'reference_equivalence': 'local climate forecasting adaptation, not original paper benchmark reproduction'}",,"{""distribution"": 0.1, ""information"": 0.0, ""physics"": 0.0, ""pinn"": 0.1, ""reconstruction"": 0.1, ""static"": 0.0}",pinn_statistical,observed_reconstruction,separate_surface_and_information,"{""decoder"": ""separate_surface_and_information"", ""forecast_decoder_in_constraints"": false, ""groups"": [""pinn"", ""statistical""], ""observed_pair"": ""origin-6h,origin"", ""pair"": ""pinn_statistical"", ""pinn_tendency_supervision"": false, ""reconstruction"": ""mean of independent surface and dynamic-information pointwise reconstruction"", ""separate_reconstruction_decoder"": true, ""surface_decoder_in_constraints"": true, ""version"": ""climate_manifold.reconstruction_constraints.v3""}","{""closure_weight"": 0.01, ""continuity_weight"": 0.1, ""levels_hpa"": [500, 850], ""ramp_epochs"": 1, ""tendency_weight"": 0.1, ""thickness_weight"": 0.1, ""warmup_epochs"": 0, ""weight"": 0.1}",w2,"{""estimator"": ""area_weighted_inverse_cdf_midpoints_v1"", ""kind"": ""w2"", ""quantiles"": 32}",null,null,"{""pinn"": 0.1, ""reconstruction"": 0.1, ""static"": 0.0, ""statistical"": 0.1}",1053924,550354,0.6964081497158825,2.1622802544649082,1.0,1604278,1604278,24.972809556871653,225.6595125645399,"{""climode_static_constants"": false, ""direct_origin_information"": false, ""manifold_origin_information"": true, ""observed_information_available"": true}",pinn_statistical
convlstm,latent,none,43,climate_manifold,latent,joint,full,fresh,jointly_trained,61277aacf620984f7c875d9d2873de39d344a43d2792a5e073bcdadaf2633d69,spatial,"[32, 8, 16]",convlstm_time_conditioned_adaptation_v1,"{'family': 'convlstm', 'implementation': 'convlstm_time_conditioned_adaptation_v1', 'upstream_source': 'https://github.com/chengtan9907/OpenSTL', 'upstream_commit': 'eecf8a3078f0a178dbc7b28723da20f94ce36985', 'implementation_variant': 'convlstm_time_conditioned_adaptation_v1', 'history_steps': 6, 'history_dt_hours': 24, 'output_time_unit': 'hours', 'uncertainty': 'deterministic', 'adaptation': 'spatial recurrent gates with physical-time-conditioned future evolution', 'reference_equivalence': 'local climate forecasting adaptation, not original paper benchmark reproduction'}",,"{""distribution"": 0.1, ""information"": 0.0, ""physics"": 0.0, ""pinn"": 0.1, ""reconstruction"": 0.1, ""static"": 0.0}",pinn_statistical,observed_reconstruction,separate_surface_and_information,"{""decoder"": ""separate_surface_and_information"", ""forecast_decoder_in_constraints"": false, ""groups"": [""pinn"", ""statistical""], ""observed_pair"": ""origin-6h,origin"", ""pair"": ""pinn_statistical"", ""pinn_tendency_supervision"": false, ""reconstruction"": ""mean of independent surface and dynamic-information pointwise reconstruction"", ""separate_reconstruction_decoder"": true, ""surface_decoder_in_constraints"": true, ""version"": ""climate_manifold.reconstruction_constraints.v3""}","{""closure_weight"": 0.01, ""continuity_weight"": 0.1, ""levels_hpa"": [500, 850], ""ramp_epochs"": 1, ""tendency_weight"": 0.1, ""thickness_weight"": 0.1, ""warmup_epochs"": 0, ""weight"": 0.1}",kl_entropy,"{""bandwidth"": 0.2, ""bins"": 64, ""direction"": ""observed||reconstructed"", ""epsilon"": 1e-06, ""estimator"": ""area_weighted_sigmoid_bins_with_tail_bins_v1"", ""kind"": ""kl_entropy"", ""range"": 6.0}",null,null,"{""pinn"": 0.1, ""reconstruction"": 0.1, ""static"": 0.0, ""statistical"": 0.1}",1053924,550354,0.697578161175917,2.1449603294261688,1.0,1604278,1604278,24.718017116189003,220.25729919970036,"{""climode_static_constants"": false, ""direct_origin_information"": false, ""manifold_origin_information"": true, ""observed_information_available"": true}",pinn_statistical:kl_entropy
convlstm,raw,none,43,raw,field,joint,none,fresh,none,,,,convlstm_time_conditioned_adaptation_v1,"{'family': 'convlstm', 'implementation': 'convlstm_time_conditioned_adaptation_v1', 'upstream_source': 'https://github.com/chengtan9907/OpenSTL', 'upstream_commit': 'eecf8a3078f0a178dbc7b28723da20f94ce36985', 'implementation_variant': 'convlstm_time_conditioned_adaptation_v1', 'history_steps': 6, 'history_dt_hours': 24, 'output_time_unit': 'hours', 'uncertainty': 'deterministic', 'adaptation': 'spatial recurrent gates with physical-time-conditioned future evolution', 'reference_equivalence': 'local climate forecasting adaptation, not original paper benchmark reproduction'}",matched,"{""distribution"": 0.0, ""information"": 0.0, ""physics"": 0.0, ""pinn"": 0.0, ""reconstruction"": 0.0, ""static"": 0.0}",,,,null,null,,null,null,null,null,855940,0,0.6636419980829851,2.0062105443340914,1.0,855940,855940,23.585515558719635,187.3972593061626,"{""climode_static_constants"": false, ""direct_origin_information"": true, ""manifold_origin_information"": false, ""observed_information_available"": true}",raw
simvp,latent,none,43,climate_manifold,latent,joint,full,fresh,jointly_trained,c45cc0d52d247c5acc610c91e836f9dc52bec3c2abee3a7cb4a90d991f8b75e5,spatial,"[32, 8, 16]",simvp_gsta_lead_conditioned_adaptation_v1,"{'family': 'simvp', 'implementation': 'simvp_gsta_lead_conditioned_adaptation_v1', 'upstream_source': 'https://github.com/chengtan9907/OpenSTL', 'upstream_commit': 'eecf8a3078f0a178dbc7b28723da20f94ce36985', 'implementation_variant': 'openstl_gsta_direct_lead_v1', 'history_steps': 6, 'history_dt_hours': 24, 'output_time_unit': 'hours', 'uncertainty': 'deterministic', 'adaptation': 'spatial encoder/gSTA translator/decoder with lead-conditioned temporal mixing', 'reference_equivalence': 'local climate forecasting adaptation, not original paper benchmark reproduction'}",,"{""distribution"": 0.1, ""information"": 0.0, ""physics"": 0.0, ""pinn"": 0.1, ""reconstruction"": 0.1, ""static"": 0.0}",pinn_statistical,observed_reconstruction,separate_surface_and_information,"{""decoder"": ""separate_surface_and_information"", ""forecast_decoder_in_constraints"": false, ""groups"": [""pinn"", ""statistical""], ""observed_pair"": ""origin-6h,origin"", ""pair"": ""pinn_statistical"", ""pinn_tendency_supervision"": false, ""reconstruction"": ""mean of independent surface and dynamic-information pointwise reconstruction"", ""separate_reconstruction_decoder"": true, ""surface_decoder_in_constraints"": true, ""version"": ""climate_manifold.reconstruction_constraints.v3""}","{""closure_weight"": 0.01, ""continuity_weight"": 0.1, ""levels_hpa"": [500, 850], ""ramp_epochs"": 1, ""tendency_weight"": 0.1, ""thickness_weight"": 0.1, ""warmup_epochs"": 0, ""weight"": 0.1}",w2,"{""estimator"": ""area_weighted_inverse_cdf_midpoints_v1"", ""kind"": ""w2"", ""quantiles"": 32}",null,null,"{""pinn"": 0.1, ""reconstruction"": 0.1, ""static"": 0.0, ""statistical"": 0.1}",1364522,550354,0.7195070402680827,2.399566744684438,1.0,1914876,1914876,12.23436452448368,178.9287852346897,"{""climode_static_constants"": false, ""direct_origin_information"": false, ""manifold_origin_information"": true, ""observed_information_available"": true}",pinn_statistical
simvp,latent,none,43,climate_manifold,latent,joint,full,fresh,jointly_trained,8f43682b530398ab429383db1a2668c15003cf536b0186f4d5aa5bac37df6bb9,spatial,"[32, 8, 16]",simvp_gsta_lead_conditioned_adaptation_v1,"{'family': 'simvp', 'implementation': 'simvp_gsta_lead_conditioned_adaptation_v1', 'upstream_source': 'https://github.com/chengtan9907/OpenSTL', 'upstream_commit': 'eecf8a3078f0a178dbc7b28723da20f94ce36985', 'implementation_variant': 'openstl_gsta_direct_lead_v1', 'history_steps': 6, 'history_dt_hours': 24, 'output_time_unit': 'hours', 'uncertainty': 'deterministic', 'adaptation': 'spatial encoder/gSTA translator/decoder with lead-conditioned temporal mixing', 'reference_equivalence': 'local climate forecasting adaptation, not original paper benchmark reproduction'}",,"{""distribution"": 0.1, ""information"": 0.0, ""physics"": 0.0, ""pinn"": 0.1, ""reconstruction"": 0.1, ""static"": 0.0}",pinn_statistical,observed_reconstruction,separate_surface_and_information,"{""decoder"": ""separate_surface_and_information"", ""forecast_decoder_in_constraints"": false, ""groups"": [""pinn"", ""statistical""], ""observed_pair"": ""origin-6h,origin"", ""pair"": ""pinn_statistical"", ""pinn_tendency_supervision"": false, ""reconstruction"": ""mean of independent surface and dynamic-information pointwise reconstruction"", ""separate_reconstruction_decoder"": true, ""surface_decoder_in_constraints"": true, ""version"": ""climate_manifold.reconstruction_constraints.v3""}","{""closure_weight"": 0.01, ""continuity_weight"": 0.1, ""levels_hpa"": [500, 850], ""ramp_epochs"": 1, ""tendency_weight"": 0.1, ""thickness_weight"": 0.1, ""warmup_epochs"": 0, ""weight"": 0.1}",kl_entropy,"{""bandwidth"": 0.2, ""bins"": 64, ""direction"": ""observed||reconstructed"", ""epsilon"": 1e-06, ""estimator"": ""area_weighted_sigmoid_bins_with_tail_bins_v1"", ""kind"": ""kl_entropy"", ""range"": 6.0}",null,null,"{""pinn"": 0.1, ""reconstruction"": 0.1, ""static"": 0.0, ""statistical"": 0.1}",1364522,550354,0.7231273527931206,2.4254582421630344,1.0,1914876,1914876,13.152453493326902,160.96048571169376,"{""climode_static_constants"": false, ""direct_origin_information"": false, ""manifold_origin_information"": true, ""observed_information_available"": true}",pinn_statistical:kl_entropy
simvp,raw,none,43,raw,field,joint,none,fresh,none,,,,simvp_gsta_lead_conditioned_adaptation_v1,"{'family': 'simvp', 'implementation': 'simvp_gsta_lead_conditioned_adaptation_v1', 'upstream_source': 'https://github.com/chengtan9907/OpenSTL', 'upstream_commit': 'eecf8a3078f0a178dbc7b28723da20f94ce36985', 'implementation_variant': 'openstl_gsta_direct_lead_v1', 'history_steps': 6, 'history_dt_hours': 24, 'output_time_unit': 'hours', 'uncertainty': 'deterministic', 'adaptation': 'spatial encoder/gSTA translator/decoder with lead-conditioned temporal mixing', 'reference_equivalence': 'local climate forecasting adaptation, not original paper benchmark reproduction'}",matched,"{""distribution"": 0.0, ""information"": 0.0, ""physics"": 0.0, ""pinn"": 0.0, ""reconstruction"": 0.0, ""static"": 0.0}",,,,null,null,,null,null,null,null,1229706,0,0.708047128705882,2.2109210841655527,1.0,1229706,1229706,9.232182044535875,95.45150309056044,"{""climode_static_constants"": false, ""direct_origin_information"": true, ""manifold_origin_information"": false, ""observed_information_available"": true}",raw
