model,seed,control,candidate_arm,training_mode,pair_key,interpretation,baseline_guide_mode,candidate_guide_mode,baseline_parameters,candidate_parameters,variable,units,lead_hours,ranking_allowed,model_rmse,rmse_reduction,acc_difference,baseline_rmse,rmse_skill_vs_baseline,crps_skill_vs_baseline
transformer,7,guided:zero:statistical:signed_measure,guided:learned:statistical:signed_measure,joint,transformer/guided:learned:statistical:signed_measure/vs_guided:zero:statistical:signed_measure,change_guide_input,zero,learned,2070817,2070817,msl,Pa,24.0,True,215.2746432333081,11.326183007481035,0.00571277815484561,226.60082624078913,0.04998297312228539,
transformer,7,guided:zero:statistical:signed_measure,guided:learned:statistical:signed_measure,joint,transformer/guided:learned:statistical:signed_measure/vs_guided:zero:statistical:signed_measure,change_guide_input,zero,learned,2070817,2070817,msl,Pa,48.0,True,344.48643886529953,29.456767563384062,0.02693317369663173,373.9432064286836,0.07877337268594531,
transformer,7,guided:zero:statistical:signed_measure,guided:learned:statistical:signed_measure,joint,transformer/guided:learned:statistical:signed_measure/vs_guided:zero:statistical:signed_measure,change_guide_input,zero,learned,2070817,2070817,msl,Pa,72.0,True,439.3743992639753,32.901805259550486,0.04282008525368719,472.2762045235258,0.06966644718580461,
transformer,7,guided:zero:statistical:signed_measure,guided:learned:statistical:signed_measure,joint,transformer/guided:learned:statistical:signed_measure/vs_guided:zero:statistical:signed_measure,change_guide_input,zero,learned,2070817,2070817,msl,Pa,96.0,True,507.9162560145818,25.942332573494127,0.04462671133093454,533.8585885880759,0.048594015583986794,
transformer,7,guided:zero:statistical:signed_measure,guided:learned:statistical:signed_measure,joint,transformer/guided:learned:statistical:signed_measure/vs_guided:zero:statistical:signed_measure,change_guide_input,zero,learned,2070817,2070817,msl,Pa,120.0,True,556.4905875315936,17.576598001290563,0.037957901573492436,574.0671855328842,0.03061766713764502,
transformer,7,guided:zero:statistical:signed_measure,guided:learned:statistical:signed_measure,joint,transformer/guided:learned:statistical:signed_measure/vs_guided:zero:statistical:signed_measure,change_guide_input,zero,learned,2070817,2070817,t2m,K,24.0,True,0.7454397638683142,0.0027992890689634287,3.6790429075006514e-05,0.7482390529372777,0.003741169427036173,
transformer,7,guided:zero:statistical:signed_measure,guided:learned:statistical:signed_measure,joint,transformer/guided:learned:statistical:signed_measure/vs_guided:zero:statistical:signed_measure,change_guide_input,zero,learned,2070817,2070817,t2m,K,48.0,True,1.1188901367513377,0.023595440693561676,0.0013408021266980708,1.1424855774448994,0.020652725215430268,
transformer,7,guided:zero:statistical:signed_measure,guided:learned:statistical:signed_measure,joint,transformer/guided:learned:statistical:signed_measure/vs_guided:zero:statistical:signed_measure,change_guide_input,zero,learned,2070817,2070817,t2m,K,72.0,True,1.380601996670601,0.04073115159009233,0.0031656875770065263,1.4213331482606932,0.02865700531922133,
transformer,7,guided:zero:statistical:signed_measure,guided:learned:statistical:signed_measure,joint,transformer/guided:learned:statistical:signed_measure/vs_guided:zero:statistical:signed_measure,change_guide_input,zero,learned,2070817,2070817,t2m,K,96.0,True,1.584682416258434,0.03687604593183602,0.0033365727812211254,1.6215584621902701,0.022741114052728495,
transformer,7,guided:zero:statistical:signed_measure,guided:learned:statistical:signed_measure,joint,transformer/guided:learned:statistical:signed_measure/vs_guided:zero:statistical:signed_measure,change_guide_input,zero,learned,2070817,2070817,t2m,K,120.0,True,1.7477662416281368,0.021825695828794345,0.0018721189705787067,1.769591937456931,0.012333745066763768,
transformer,7,guided:zero:statistical:signed_measure,guided:learned:statistical:signed_measure,joint,transformer/guided:learned:statistical:signed_measure/vs_guided:zero:statistical:signed_measure,change_guide_input,zero,learned,2070817,2070817,u10,m/s,24.0,True,1.1374875682103749,0.0290399461166142,0.0043228189908885994,1.166527514326989,0.024894351620474486,
transformer,7,guided:zero:statistical:signed_measure,guided:learned:statistical:signed_measure,joint,transformer/guided:learned:statistical:signed_measure/vs_guided:zero:statistical:signed_measure,change_guide_input,zero,learned,2070817,2070817,u10,m/s,48.0,True,1.693030354394971,0.10458594804441868,0.026638771277399775,1.7976163024393896,0.058180351336653,
transformer,7,guided:zero:statistical:signed_measure,guided:learned:statistical:signed_measure,joint,transformer/guided:learned:statistical:signed_measure/vs_guided:zero:statistical:signed_measure,change_guide_input,zero,learned,2070817,2070817,u10,m/s,72.0,True,2.0647111080459193,0.11781982761481746,0.04231381593430583,2.1825309356607367,0.05398311918046139,
transformer,7,guided:zero:statistical:signed_measure,guided:learned:statistical:signed_measure,joint,transformer/guided:learned:statistical:signed_measure/vs_guided:zero:statistical:signed_measure,change_guide_input,zero,learned,2070817,2070817,u10,m/s,96.0,True,2.310985253875812,0.09566200639918021,0.04323627407341024,2.406647260274992,0.03974907664210392,
transformer,7,guided:zero:statistical:signed_measure,guided:learned:statistical:signed_measure,joint,transformer/guided:learned:statistical:signed_measure/vs_guided:zero:statistical:signed_measure,change_guide_input,zero,learned,2070817,2070817,u10,m/s,120.0,True,2.479617776102407,0.06794857249561259,0.03575469341613291,2.5475663485980196,0.026671954013290478,
transformer,7,guided:zero:statistical:signed_measure,guided:learned:statistical:signed_measure,joint,transformer/guided:learned:statistical:signed_measure/vs_guided:zero:statistical:signed_measure,change_guide_input,zero,learned,2070817,2070817,v10,m/s,24.0,True,1.233692501449078,0.022002385910952826,0.004054894660034947,1.2556948873600309,0.01752207971254116,
transformer,7,guided:zero:statistical:signed_measure,guided:learned:statistical:signed_measure,joint,transformer/guided:learned:statistical:signed_measure/vs_guided:zero:statistical:signed_measure,change_guide_input,zero,learned,2070817,2070817,v10,m/s,48.0,True,1.8116580890395864,0.10377292012340167,0.028047265289164458,1.915431009162988,0.05417732073197912,
transformer,7,guided:zero:statistical:signed_measure,guided:learned:statistical:signed_measure,joint,transformer/guided:learned:statistical:signed_measure/vs_guided:zero:statistical:signed_measure,change_guide_input,zero,learned,2070817,2070817,v10,m/s,72.0,True,2.211545495526909,0.11840568040017185,0.04687792288370629,2.329951175927081,0.05081895347144283,
transformer,7,guided:zero:statistical:signed_measure,guided:learned:statistical:signed_measure,joint,transformer/guided:learned:statistical:signed_measure/vs_guided:zero:statistical:signed_measure,change_guide_input,zero,learned,2070817,2070817,v10,m/s,96.0,True,2.4786879011511878,0.09229190742815918,0.04917717284872858,2.570979808579347,0.03589756213572026,
transformer,7,guided:zero:statistical:signed_measure,guided:learned:statistical:signed_measure,joint,transformer/guided:learned:statistical:signed_measure/vs_guided:zero:statistical:signed_measure,change_guide_input,zero,learned,2070817,2070817,v10,m/s,120.0,True,2.6568198077582124,0.058571843554795944,0.038643523644412925,2.7153916513130083,0.021570311423206312,
transformer,19,guided:zero:statistical:signed_measure,guided:learned:statistical:signed_measure,joint,transformer/guided:learned:statistical:signed_measure/vs_guided:zero:statistical:signed_measure,change_guide_input,zero,learned,2070817,2070817,msl,Pa,24.0,True,217.50508172139223,22.14448301351794,0.01077881236738798,239.64956473491017,0.09240360205958731,
transformer,19,guided:zero:statistical:signed_measure,guided:learned:statistical:signed_measure,joint,transformer/guided:learned:statistical:signed_measure/vs_guided:zero:statistical:signed_measure,change_guide_input,zero,learned,2070817,2070817,msl,Pa,48.0,True,345.0056831446664,43.690550015681026,0.040343070821933,388.69623316034745,0.11240281301531807,
transformer,19,guided:zero:statistical:signed_measure,guided:learned:statistical:signed_measure,joint,transformer/guided:learned:statistical:signed_measure/vs_guided:zero:statistical:signed_measure,change_guide_input,zero,learned,2070817,2070817,msl,Pa,72.0,True,440.67306131533655,42.09190003617033,0.055930724875475235,482.7649613515069,0.08718921919754385,
transformer,19,guided:zero:statistical:signed_measure,guided:learned:statistical:signed_measure,joint,transformer/guided:learned:statistical:signed_measure/vs_guided:zero:statistical:signed_measure,change_guide_input,zero,learned,2070817,2070817,msl,Pa,96.0,True,509.29259003264514,29.55704147720536,0.05144120559604726,538.8496315098505,0.054852114112775574,
transformer,19,guided:zero:statistical:signed_measure,guided:learned:statistical:signed_measure,joint,transformer/guided:learned:statistical:signed_measure/vs_guided:zero:statistical:signed_measure,change_guide_input,zero,learned,2070817,2070817,msl,Pa,120.0,True,557.6330676247493,18.722185404792413,0.04100262823986289,576.3552530295417,0.03248375946325033,
transformer,19,guided:zero:statistical:signed_measure,guided:learned:statistical:signed_measure,joint,transformer/guided:learned:statistical:signed_measure/vs_guided:zero:statistical:signed_measure,change_guide_input,zero,learned,2070817,2070817,t2m,K,24.0,True,0.7463478530627398,0.007640612740103858,0.00028680404689407357,0.7539884658028436,0.010133593664417906,
transformer,19,guided:zero:statistical:signed_measure,guided:learned:statistical:signed_measure,joint,transformer/guided:learned:statistical:signed_measure/vs_guided:zero:statistical:signed_measure,change_guide_input,zero,learned,2070817,2070817,t2m,K,48.0,True,1.1169366696732506,0.03642937067932506,0.002385174201627205,1.1533660403525756,0.0315852638319305,
transformer,19,guided:zero:statistical:signed_measure,guided:learned:statistical:signed_measure,joint,transformer/guided:learned:statistical:signed_measure/vs_guided:zero:statistical:signed_measure,change_guide_input,zero,learned,2070817,2070817,t2m,K,72.0,True,1.3792130546418702,0.05559944883470913,0.004658147149955383,1.4348125034765793,0.038750323613706006,
transformer,19,guided:zero:statistical:signed_measure,guided:learned:statistical:signed_measure,joint,transformer/guided:learned:statistical:signed_measure/vs_guided:zero:statistical:signed_measure,change_guide_input,zero,learned,2070817,2070817,t2m,K,96.0,True,1.582164050441176,0.053173397156430546,0.005282542226603404,1.6353374475976066,0.03251524462706146,
transformer,19,guided:zero:statistical:signed_measure,guided:learned:statistical:signed_measure,joint,transformer/guided:learned:statistical:signed_measure/vs_guided:zero:statistical:signed_measure,change_guide_input,zero,learned,2070817,2070817,t2m,K,120.0,True,1.7396099668425893,0.03793750144157637,0.004109197929867858,1.7775474682841657,0.021342609476525998,
transformer,19,guided:zero:statistical:signed_measure,guided:learned:statistical:signed_measure,joint,transformer/guided:learned:statistical:signed_measure/vs_guided:zero:statistical:signed_measure,change_guide_input,zero,learned,2070817,2070817,u10,m/s,24.0,True,1.1411440021959927,0.06376551670521358,0.009528439315832915,1.2049095189012062,0.05292141501493264,
transformer,19,guided:zero:statistical:signed_measure,guided:learned:statistical:signed_measure,joint,transformer/guided:learned:statistical:signed_measure/vs_guided:zero:statistical:signed_measure,change_guide_input,zero,learned,2070817,2070817,u10,m/s,48.0,True,1.7056907347859231,0.13086175245360576,0.034202556658571526,1.836552487239529,0.0712540226118451,
transformer,19,guided:zero:statistical:signed_measure,guided:learned:statistical:signed_measure,joint,transformer/guided:learned:statistical:signed_measure/vs_guided:zero:statistical:signed_measure,change_guide_input,zero,learned,2070817,2070817,u10,m/s,72.0,True,2.076886548245576,0.12961666197380683,0.04852994923141851,2.206503210219383,0.05874301989387076,
transformer,19,guided:zero:statistical:signed_measure,guided:learned:statistical:signed_measure,joint,transformer/guided:learned:statistical:signed_measure/vs_guided:zero:statistical:signed_measure,change_guide_input,zero,learned,2070817,2070817,u10,m/s,96.0,True,2.3199510856354615,0.09564356234292948,0.04676780161690519,2.415594647978391,0.039594210238449334,
transformer,19,guided:zero:statistical:signed_measure,guided:learned:statistical:signed_measure,joint,transformer/guided:learned:statistical:signed_measure/vs_guided:zero:statistical:signed_measure,change_guide_input,zero,learned,2070817,2070817,u10,m/s,120.0,True,2.483600366096005,0.06229998655201552,0.03845028448367188,2.5459003526480206,0.02447070895261727,
transformer,19,guided:zero:statistical:signed_measure,guided:learned:statistical:signed_measure,joint,transformer/guided:learned:statistical:signed_measure/vs_guided:zero:statistical:signed_measure,change_guide_input,zero,learned,2070817,2070817,v10,m/s,24.0,True,1.2338100059979153,0.05751566954906351,0.009257825209685766,1.2913256755469789,0.04454001855473144,
transformer,19,guided:zero:statistical:signed_measure,guided:learned:statistical:signed_measure,joint,transformer/guided:learned:statistical:signed_measure/vs_guided:zero:statistical:signed_measure,change_guide_input,zero,learned,2070817,2070817,v10,m/s,48.0,True,1.814615372360969,0.147560954750537,0.040713662485456825,1.962176327111506,0.075202698509649,
transformer,19,guided:zero:statistical:signed_measure,guided:learned:statistical:signed_measure,joint,transformer/guided:learned:statistical:signed_measure/vs_guided:zero:statistical:signed_measure,change_guide_input,zero,learned,2070817,2070817,v10,m/s,72.0,True,2.223834511101209,0.14943366712407125,0.06270148800880382,2.3732681782252802,0.06296535237573408,
transformer,19,guided:zero:statistical:signed_measure,guided:learned:statistical:signed_measure,joint,transformer/guided:learned:statistical:signed_measure/vs_guided:zero:statistical:signed_measure,change_guide_input,zero,learned,2070817,2070817,v10,m/s,96.0,True,2.4970138620951925,0.09842630395108687,0.057683275403936585,2.5954401660462794,0.03792277904869712,
transformer,19,guided:zero:statistical:signed_measure,guided:learned:statistical:signed_measure,joint,transformer/guided:learned:statistical:signed_measure/vs_guided:zero:statistical:signed_measure,change_guide_input,zero,learned,2070817,2070817,v10,m/s,120.0,True,2.6691500981692897,0.05506256163869461,0.0438244945677983,2.7242126598079843,0.02021228461752167,
transformer,43,guided:zero:statistical:signed_measure,guided:learned:statistical:signed_measure,joint,transformer/guided:learned:statistical:signed_measure/vs_guided:zero:statistical:signed_measure,change_guide_input,zero,learned,2070817,2070817,msl,Pa,24.0,True,213.41780633139902,8.774994926876047,0.004186646558097862,222.19280125827507,0.0394927057815706,
transformer,43,guided:zero:statistical:signed_measure,guided:learned:statistical:signed_measure,joint,transformer/guided:learned:statistical:signed_measure/vs_guided:zero:statistical:signed_measure,change_guide_input,zero,learned,2070817,2070817,msl,Pa,48.0,True,340.7959939723742,29.766679065308097,0.026568677998004886,370.5626730376823,0.08032832562787873,
transformer,43,guided:zero:statistical:signed_measure,guided:learned:statistical:signed_measure,joint,transformer/guided:learned:statistical:signed_measure/vs_guided:zero:statistical:signed_measure,change_guide_input,zero,learned,2070817,2070817,msl,Pa,72.0,True,435.60959847798983,32.49471954899508,0.041961901512447164,468.1043180269849,0.06941768810413296,
transformer,43,guided:zero:statistical:signed_measure,guided:learned:statistical:signed_measure,joint,transformer/guided:learned:statistical:signed_measure/vs_guided:zero:statistical:signed_measure,change_guide_input,zero,learned,2070817,2070817,msl,Pa,96.0,True,501.9528246938768,27.78624353205032,0.04688445521852491,529.7390682259271,0.05245269831637156,
transformer,43,guided:zero:statistical:signed_measure,guided:learned:statistical:signed_measure,joint,transformer/guided:learned:statistical:signed_measure/vs_guided:zero:statistical:signed_measure,change_guide_input,zero,learned,2070817,2070817,msl,Pa,120.0,True,549.8787062435781,20.754200056596346,0.042343297721898265,570.6329063001745,0.03637049288159844,
transformer,43,guided:zero:statistical:signed_measure,guided:learned:statistical:signed_measure,joint,transformer/guided:learned:statistical:signed_measure/vs_guided:zero:statistical:signed_measure,change_guide_input,zero,learned,2070817,2070817,t2m,K,24.0,True,0.7464846498881876,-0.007851062419526378,-0.00025417415816919586,0.7386335874686613,-0.010629170610061855,
transformer,43,guided:zero:statistical:signed_measure,guided:learned:statistical:signed_measure,joint,transformer/guided:learned:statistical:signed_measure/vs_guided:zero:statistical:signed_measure,change_guide_input,zero,learned,2070817,2070817,t2m,K,48.0,True,1.1185281600883805,0.023441049478291287,0.0015585419040025084,1.1419692095666718,0.020526866470582106,
transformer,43,guided:zero:statistical:signed_measure,guided:learned:statistical:signed_measure,joint,transformer/guided:learned:statistical:signed_measure/vs_guided:zero:statistical:signed_measure,change_guide_input,zero,learned,2070817,2070817,t2m,K,72.0,True,1.3793960067801536,0.049105972927554475,0.00380694174549312,1.428501979707708,0.034375852204000634,
transformer,43,guided:zero:statistical:signed_measure,guided:learned:statistical:signed_measure,joint,transformer/guided:learned:statistical:signed_measure/vs_guided:zero:statistical:signed_measure,change_guide_input,zero,learned,2070817,2070817,t2m,K,96.0,True,1.5759617445424916,0.05934198026272264,0.005620840201258637,1.6353037248052142,0.036288048123776506,
transformer,43,guided:zero:statistical:signed_measure,guided:learned:statistical:signed_measure,joint,transformer/guided:learned:statistical:signed_measure/vs_guided:zero:statistical:signed_measure,change_guide_input,zero,learned,2070817,2070817,t2m,K,120.0,True,1.7257229282657816,0.06311533279521986,0.006828658534026921,1.7888382610610014,0.03528286160302985,
transformer,43,guided:zero:statistical:signed_measure,guided:learned:statistical:signed_measure,joint,transformer/guided:learned:statistical:signed_measure/vs_guided:zero:statistical:signed_measure,change_guide_input,zero,learned,2070817,2070817,u10,m/s,24.0,True,1.144113036099104,0.023295538439051855,0.003575422856981536,1.167408574538156,0.01995491462641341,
transformer,43,guided:zero:statistical:signed_measure,guided:learned:statistical:signed_measure,joint,transformer/guided:learned:statistical:signed_measure/vs_guided:zero:statistical:signed_measure,change_guide_input,zero,learned,2070817,2070817,u10,m/s,48.0,True,1.6991339100452394,0.09265748169848109,0.024912418475176334,1.7917913917437205,0.051712203845509896,
transformer,43,guided:zero:statistical:signed_measure,guided:learned:statistical:signed_measure,joint,transformer/guided:learned:statistical:signed_measure/vs_guided:zero:statistical:signed_measure,change_guide_input,zero,learned,2070817,2070817,u10,m/s,72.0,True,2.0604562791553613,0.11040283852303512,0.04043797185622933,2.1708591176783965,0.05085674958083153,
transformer,43,guided:zero:statistical:signed_measure,guided:learned:statistical:signed_measure,joint,transformer/guided:learned:statistical:signed_measure/vs_guided:zero:statistical:signed_measure,change_guide_input,zero,learned,2070817,2070817,u10,m/s,96.0,True,2.296527532635438,0.09462127461580572,0.04333100474018359,2.391148807251244,0.03957147055376198,
transformer,43,guided:zero:statistical:signed_measure,guided:learned:statistical:signed_measure,joint,transformer/guided:learned:statistical:signed_measure/vs_guided:zero:statistical:signed_measure,change_guide_input,zero,learned,2070817,2070817,u10,m/s,120.0,True,2.4639428658858384,0.06555324035286159,0.03618638959217402,2.5294961062387,0.02591553321279383,
transformer,43,guided:zero:statistical:signed_measure,guided:learned:statistical:signed_measure,joint,transformer/guided:learned:statistical:signed_measure/vs_guided:zero:statistical:signed_measure,change_guide_input,zero,learned,2070817,2070817,v10,m/s,24.0,True,1.2262179767563353,0.016871478026109443,0.0025845772631543085,1.2430894547824447,0.013572215548286581,
transformer,43,guided:zero:statistical:signed_measure,guided:learned:statistical:signed_measure,joint,transformer/guided:learned:statistical:signed_measure/vs_guided:zero:statistical:signed_measure,change_guide_input,zero,learned,2070817,2070817,v10,m/s,48.0,True,1.80799129993331,0.09323259291300312,0.025654764520336992,1.9012238928463132,0.04903819758620065,
transformer,43,guided:zero:statistical:signed_measure,guided:learned:statistical:signed_measure,joint,transformer/guided:learned:statistical:signed_measure/vs_guided:zero:statistical:signed_measure,change_guide_input,zero,learned,2070817,2070817,v10,m/s,72.0,True,2.2030927881337936,0.1173958097628085,0.047910447796304934,2.320488597896602,0.050590987548579824,
transformer,43,guided:zero:statistical:signed_measure,guided:learned:statistical:signed_measure,joint,transformer/guided:learned:statistical:signed_measure/vs_guided:zero:statistical:signed_measure,change_guide_input,zero,learned,2070817,2070817,v10,m/s,96.0,True,2.4657474431488655,0.10105466864121793,0.055135107221184865,2.5668021117900834,0.03936987124057745,
transformer,43,guided:zero:statistical:signed_measure,guided:learned:statistical:signed_measure,joint,transformer/guided:learned:statistical:signed_measure/vs_guided:zero:statistical:signed_measure,change_guide_input,zero,learned,2070817,2070817,v10,m/s,120.0,True,2.640900936420318,0.06435003943963702,0.04565670719248305,2.705250975859955,0.02378708667471463,
