model,seed,control,candidate_arm,training_mode,constraint_pair,constraint_path,pair_key,interpretation,raw_backend,candidate_implementation,raw_implementation,candidate_parameters,raw_parameters,variable,units,lead_hours,ranking_allowed,model_rmse,raw_rmse,rmse_reduction,rmse_skill_vs_raw,acc_difference,crps_skill_vs_raw
transformer,7,raw,statistical:signed_measure,joint,statistical,observed_reconstruction,transformer/statistical:signed_measure/vs_raw,whole_model_comparison,matched,raw_latent_guide_transformer_v1,raw_latent_guide_transformer_v1,2083089,854672,msl,Pa,24.0,True,224.89188795237024,218.75543483224905,-6.136453120121189,-0.028051660178531668,-0.002588758632386612,
transformer,7,raw,statistical:signed_measure,joint,statistical,observed_reconstruction,transformer/statistical:signed_measure/vs_raw,whole_model_comparison,matched,raw_latent_guide_transformer_v1,raw_latent_guide_transformer_v1,2083089,854672,msl,Pa,48.0,True,358.24538089867883,353.61596134929977,-4.629419549379065,-0.01309165890508579,-0.004538937071941085,
transformer,7,raw,statistical:signed_measure,joint,statistical,observed_reconstruction,transformer/statistical:signed_measure/vs_raw,whole_model_comparison,matched,raw_latent_guide_transformer_v1,raw_latent_guide_transformer_v1,2083089,854672,msl,Pa,72.0,True,458.2694181235503,447.87600671541946,-10.393411408130817,-0.023206001777931418,-0.015272946700885748,
transformer,7,raw,statistical:signed_measure,joint,statistical,observed_reconstruction,transformer/statistical:signed_measure/vs_raw,whole_model_comparison,matched,raw_latent_guide_transformer_v1,raw_latent_guide_transformer_v1,2083089,854672,msl,Pa,96.0,True,526.0729906665679,513.5294287538115,-12.543561912756331,-0.02442617931984148,-0.02161058761775181,
transformer,7,raw,statistical:signed_measure,joint,statistical,observed_reconstruction,transformer/statistical:signed_measure/vs_raw,whole_model_comparison,matched,raw_latent_guide_transformer_v1,raw_latent_guide_transformer_v1,2083089,854672,msl,Pa,120.0,True,569.1106513637874,560.2990370501542,-8.811614313633186,-0.015726627623749545,-0.019035504610290688,
transformer,7,raw,statistical:signed_measure,joint,statistical,observed_reconstruction,transformer/statistical:signed_measure/vs_raw,whole_model_comparison,matched,raw_latent_guide_transformer_v1,raw_latent_guide_transformer_v1,2083089,854672,t2m,K,24.0,True,0.8325039642473587,0.7486118994878125,-0.08389206475954625,-0.11206349353642886,-0.003664943503497775,
transformer,7,raw,statistical:signed_measure,joint,statistical,observed_reconstruction,transformer/statistical:signed_measure/vs_raw,whole_model_comparison,matched,raw_latent_guide_transformer_v1,raw_latent_guide_transformer_v1,2083089,854672,t2m,K,48.0,True,1.1501670978306993,1.1317391712817986,-0.018427926548900686,-0.016282838852373915,-0.0011836789601260556,
transformer,7,raw,statistical:signed_measure,joint,statistical,observed_reconstruction,transformer/statistical:signed_measure/vs_raw,whole_model_comparison,matched,raw_latent_guide_transformer_v1,raw_latent_guide_transformer_v1,2083089,854672,t2m,K,72.0,True,1.4227603740776813,1.3997476930611952,-0.023012681016486125,-0.016440592208555982,-0.0016881927850099787,
transformer,7,raw,statistical:signed_measure,joint,statistical,observed_reconstruction,transformer/statistical:signed_measure/vs_raw,whole_model_comparison,matched,raw_latent_guide_transformer_v1,raw_latent_guide_transformer_v1,2083089,854672,t2m,K,96.0,True,1.628561186953653,1.5982304639824503,-0.03033072297120265,-0.01897769042371089,-0.002812076466432445,
transformer,7,raw,statistical:signed_measure,joint,statistical,observed_reconstruction,transformer/statistical:signed_measure/vs_raw,whole_model_comparison,matched,raw_latent_guide_transformer_v1,raw_latent_guide_transformer_v1,2083089,854672,t2m,K,120.0,True,1.7723935554716799,1.7468663632008121,-0.02552719227086775,-0.014613134014495488,-0.003004732137068533,
transformer,7,raw,statistical:signed_measure,joint,statistical,observed_reconstruction,transformer/statistical:signed_measure/vs_raw,whole_model_comparison,matched,raw_latent_guide_transformer_v1,raw_latent_guide_transformer_v1,2083089,854672,u10,m/s,24.0,True,1.158417671486488,1.1451416870279225,-0.013275984458565482,-0.011593311647768001,-0.0020201177752173782,
transformer,7,raw,statistical:signed_measure,joint,statistical,observed_reconstruction,transformer/statistical:signed_measure/vs_raw,whole_model_comparison,matched,raw_latent_guide_transformer_v1,raw_latent_guide_transformer_v1,2083089,854672,u10,m/s,48.0,True,1.7178780471686885,1.7322663430246628,0.014388295855974231,0.00830605288494568,0.0027487393311816932,
transformer,7,raw,statistical:signed_measure,joint,statistical,observed_reconstruction,transformer/statistical:signed_measure/vs_raw,whole_model_comparison,matched,raw_latent_guide_transformer_v1,raw_latent_guide_transformer_v1,2083089,854672,u10,m/s,72.0,True,2.115828300945806,2.104142865604235,-0.011685435341571182,-0.005553537039993506,-0.005306646411357474,
transformer,7,raw,statistical:signed_measure,joint,statistical,observed_reconstruction,transformer/statistical:signed_measure/vs_raw,whole_model_comparison,matched,raw_latent_guide_transformer_v1,raw_latent_guide_transformer_v1,2083089,854672,u10,m/s,96.0,True,2.370627737133133,2.340856706906456,-0.02977103022667693,-0.012718006249097025,-0.011486347654884987,
transformer,7,raw,statistical:signed_measure,joint,statistical,observed_reconstruction,transformer/statistical:signed_measure/vs_raw,whole_model_comparison,matched,raw_latent_guide_transformer_v1,raw_latent_guide_transformer_v1,2083089,854672,u10,m/s,120.0,True,2.5197758434579827,2.4973185966106355,-0.02245724684734718,-0.00899254379390202,-0.01099884490531966,
transformer,7,raw,statistical:signed_measure,joint,statistical,observed_reconstruction,transformer/statistical:signed_measure/vs_raw,whole_model_comparison,matched,raw_latent_guide_transformer_v1,raw_latent_guide_transformer_v1,2083089,854672,v10,m/s,24.0,True,1.2233544535734246,1.2384593418990164,0.015104888325591759,0.012196515311056033,0.002548645772283975,
transformer,7,raw,statistical:signed_measure,joint,statistical,observed_reconstruction,transformer/statistical:signed_measure/vs_raw,whole_model_comparison,matched,raw_latent_guide_transformer_v1,raw_latent_guide_transformer_v1,2083089,854672,v10,m/s,48.0,True,1.8326099836441214,1.8359449936095842,0.003335009965462765,0.0018165086519863483,0.0010246676032207302,
transformer,7,raw,statistical:signed_measure,joint,statistical,observed_reconstruction,transformer/statistical:signed_measure/vs_raw,whole_model_comparison,matched,raw_latent_guide_transformer_v1,raw_latent_guide_transformer_v1,2083089,854672,v10,m/s,72.0,True,2.263254873591031,2.2381385342607034,-0.02511633933032753,-0.011221977078654799,-0.009791529638144336,
transformer,7,raw,statistical:signed_measure,joint,statistical,observed_reconstruction,transformer/statistical:signed_measure/vs_raw,whole_model_comparison,matched,raw_latent_guide_transformer_v1,raw_latent_guide_transformer_v1,2083089,854672,v10,m/s,96.0,True,2.5356249296696043,2.4984618559586425,-0.037163073710961836,-0.014874381060623554,-0.017013756309870676,
transformer,7,raw,statistical:signed_measure,joint,statistical,observed_reconstruction,transformer/statistical:signed_measure/vs_raw,whole_model_comparison,matched,raw_latent_guide_transformer_v1,raw_latent_guide_transformer_v1,2083089,854672,v10,m/s,120.0,True,2.687452349106307,2.6656975583158755,-0.02175479079043141,-0.00816101238588196,-0.013410852504488202,
transformer,7,raw,guided:learned:statistical:signed_measure,joint,statistical,observed_reconstruction,transformer/guided:learned:statistical:signed_measure/vs_raw,whole_model_comparison,matched,raw_latent_guide_transformer_v1,raw_latent_guide_transformer_v1,2070817,854672,msl,Pa,24.0,True,215.2746432333081,218.75543483224905,3.4807915989409537,0.015911794838881055,0.0016622214901460541,
transformer,7,raw,guided:learned:statistical:signed_measure,joint,statistical,observed_reconstruction,transformer/guided:learned:statistical:signed_measure/vs_raw,whole_model_comparison,matched,raw_latent_guide_transformer_v1,raw_latent_guide_transformer_v1,2070817,854672,msl,Pa,48.0,True,344.48643886529953,353.61596134929977,9.129522484000233,0.025817619909363043,0.007611098140243078,
transformer,7,raw,guided:learned:statistical:signed_measure,joint,statistical,observed_reconstruction,transformer/guided:learned:statistical:signed_measure/vs_raw,whole_model_comparison,matched,raw_latent_guide_transformer_v1,raw_latent_guide_transformer_v1,2070817,854672,msl,Pa,72.0,True,439.3743992639753,447.87600671541946,8.501607451444158,0.018982056024372085,0.010296206412320763,
transformer,7,raw,guided:learned:statistical:signed_measure,joint,statistical,observed_reconstruction,transformer/guided:learned:statistical:signed_measure/vs_raw,whole_model_comparison,matched,raw_latent_guide_transformer_v1,raw_latent_guide_transformer_v1,2070817,854672,msl,Pa,96.0,True,507.9162560145818,513.5294287538115,5.6131727392297535,0.01093057656471863,0.009931886120155053,
transformer,7,raw,guided:learned:statistical:signed_measure,joint,statistical,observed_reconstruction,transformer/guided:learned:statistical:signed_measure/vs_raw,whole_model_comparison,matched,raw_latent_guide_transformer_v1,raw_latent_guide_transformer_v1,2070817,854672,msl,Pa,120.0,True,556.4905875315936,560.2990370501542,3.8084495185605647,0.006797173057107475,0.00939396681430682,
transformer,7,raw,guided:learned:statistical:signed_measure,joint,statistical,observed_reconstruction,transformer/guided:learned:statistical:signed_measure/vs_raw,whole_model_comparison,matched,raw_latent_guide_transformer_v1,raw_latent_guide_transformer_v1,2070817,854672,t2m,K,24.0,True,0.7454397638683142,0.7486118994878125,0.003172135619498251,0.004237356661934699,4.6721166628849176e-06,
transformer,7,raw,guided:learned:statistical:signed_measure,joint,statistical,observed_reconstruction,transformer/guided:learned:statistical:signed_measure/vs_raw,whole_model_comparison,matched,raw_latent_guide_transformer_v1,raw_latent_guide_transformer_v1,2070817,854672,t2m,K,48.0,True,1.1188901367513377,1.1317391712817986,0.012849034530460823,0.011353353189947568,0.0004682142522588473,
transformer,7,raw,guided:learned:statistical:signed_measure,joint,statistical,observed_reconstruction,transformer/guided:learned:statistical:signed_measure/vs_raw,whole_model_comparison,matched,raw_latent_guide_transformer_v1,raw_latent_guide_transformer_v1,2070817,854672,t2m,K,72.0,True,1.380601996670601,1.3997476930611952,0.01914569639059427,0.013677962453878645,0.0011382698790733947,
transformer,7,raw,guided:learned:statistical:signed_measure,joint,statistical,observed_reconstruction,transformer/guided:learned:statistical:signed_measure/vs_raw,whole_model_comparison,matched,raw_latent_guide_transformer_v1,raw_latent_guide_transformer_v1,2070817,854672,t2m,K,96.0,True,1.584682416258434,1.5982304639824503,0.013548047724016188,0.008476904945396546,0.0009263812673006022,
transformer,7,raw,guided:learned:statistical:signed_measure,joint,statistical,observed_reconstruction,transformer/guided:learned:statistical:signed_measure/vs_raw,whole_model_comparison,matched,raw_latent_guide_transformer_v1,raw_latent_guide_transformer_v1,2070817,854672,t2m,K,120.0,True,1.7477662416281368,1.7468663632008121,-0.0008998784273246407,-0.000515138677051219,-0.00043731826252579875,
transformer,7,raw,guided:learned:statistical:signed_measure,joint,statistical,observed_reconstruction,transformer/guided:learned:statistical:signed_measure/vs_raw,whole_model_comparison,matched,raw_latent_guide_transformer_v1,raw_latent_guide_transformer_v1,2070817,854672,u10,m/s,24.0,True,1.1374875682103749,1.1451416870279225,0.007654118817547628,0.006683992823117824,0.0010091113776125038,
transformer,7,raw,guided:learned:statistical:signed_measure,joint,statistical,observed_reconstruction,transformer/guided:learned:statistical:signed_measure/vs_raw,whole_model_comparison,matched,raw_latent_guide_transformer_v1,raw_latent_guide_transformer_v1,2070817,854672,u10,m/s,48.0,True,1.693030354394971,1.7322663430246628,0.0392359886296918,0.02265009003245011,0.009422449061458171,
transformer,7,raw,guided:learned:statistical:signed_measure,joint,statistical,observed_reconstruction,transformer/guided:learned:statistical:signed_measure/vs_raw,whole_model_comparison,matched,raw_latent_guide_transformer_v1,raw_latent_guide_transformer_v1,2070817,854672,u10,m/s,72.0,True,2.0647111080459193,2.104142865604235,0.03943175755831563,0.018740057152436873,0.013036429403723515,
transformer,7,raw,guided:learned:statistical:signed_measure,joint,statistical,observed_reconstruction,transformer/guided:learned:statistical:signed_measure/vs_raw,whole_model_comparison,matched,raw_latent_guide_transformer_v1,raw_latent_guide_transformer_v1,2070817,854672,u10,m/s,96.0,True,2.310985253875812,2.340856706906456,0.02987145303064409,0.012760906270986805,0.012985417021449286,
transformer,7,raw,guided:learned:statistical:signed_measure,joint,statistical,observed_reconstruction,transformer/guided:learned:statistical:signed_measure/vs_raw,whole_model_comparison,matched,raw_latent_guide_transformer_v1,raw_latent_guide_transformer_v1,2070817,854672,u10,m/s,120.0,True,2.479617776102407,2.4973185966106355,0.01770082050822852,0.007087930443577362,0.009014422602346972,
transformer,7,raw,guided:learned:statistical:signed_measure,joint,statistical,observed_reconstruction,transformer/guided:learned:statistical:signed_measure/vs_raw,whole_model_comparison,matched,raw_latent_guide_transformer_v1,raw_latent_guide_transformer_v1,2070817,854672,v10,m/s,24.0,True,1.233692501449078,1.2384593418990164,0.004766840449938359,0.00384900843222602,0.0013915925747675084,
transformer,7,raw,guided:learned:statistical:signed_measure,joint,statistical,observed_reconstruction,transformer/guided:learned:statistical:signed_measure/vs_raw,whole_model_comparison,matched,raw_latent_guide_transformer_v1,raw_latent_guide_transformer_v1,2070817,854672,v10,m/s,48.0,True,1.8116580890395864,1.8359449936095842,0.024286904569997825,0.013228557856871381,0.006576690923241535,
transformer,7,raw,guided:learned:statistical:signed_measure,joint,statistical,observed_reconstruction,transformer/guided:learned:statistical:signed_measure/vs_raw,whole_model_comparison,matched,raw_latent_guide_transformer_v1,raw_latent_guide_transformer_v1,2070817,854672,v10,m/s,72.0,True,2.211545495526909,2.2381385342607034,0.026593038733794483,0.011881766176095376,0.01020319512020107,
transformer,7,raw,guided:learned:statistical:signed_measure,joint,statistical,observed_reconstruction,transformer/guided:learned:statistical:signed_measure/vs_raw,whole_model_comparison,matched,raw_latent_guide_transformer_v1,raw_latent_guide_transformer_v1,2070817,854672,v10,m/s,96.0,True,2.4786879011511878,2.4984618559586425,0.019773954807454697,0.007914451349455343,0.01107063566344213,
transformer,7,raw,guided:learned:statistical:signed_measure,joint,statistical,observed_reconstruction,transformer/guided:learned:statistical:signed_measure/vs_raw,whole_model_comparison,matched,raw_latent_guide_transformer_v1,raw_latent_guide_transformer_v1,2070817,854672,v10,m/s,120.0,True,2.6568198077582124,2.6656975583158755,0.008877750557663155,0.0033303667664653647,0.007307717026500182,
transformer,7,raw,guided:zero:statistical:signed_measure,joint,statistical,observed_reconstruction,transformer/guided:zero:statistical:signed_measure/vs_raw,whole_model_comparison,matched,raw_latent_guide_transformer_v1,raw_latent_guide_transformer_v1,2070817,854672,msl,Pa,24.0,True,226.60082624078913,218.75543483224905,-7.845391408540081,-0.035863755405922904,-0.004050556664699556,
transformer,7,raw,guided:zero:statistical:signed_measure,joint,statistical,observed_reconstruction,transformer/guided:zero:statistical:signed_measure/vs_raw,whole_model_comparison,matched,raw_latent_guide_transformer_v1,raw_latent_guide_transformer_v1,2070817,854672,msl,Pa,48.0,True,373.9432064286836,353.61596134929977,-20.32724507938383,-0.057483958025595694,-0.01932207555638865,
transformer,7,raw,guided:zero:statistical:signed_measure,joint,statistical,observed_reconstruction,transformer/guided:zero:statistical:signed_measure/vs_raw,whole_model_comparison,matched,raw_latent_guide_transformer_v1,raw_latent_guide_transformer_v1,2070817,854672,msl,Pa,72.0,True,472.2762045235258,447.87600671541946,-24.400197808106327,-0.05447980566552246,-0.03252387884136643,
transformer,7,raw,guided:zero:statistical:signed_measure,joint,statistical,observed_reconstruction,transformer/guided:zero:statistical:signed_measure/vs_raw,whole_model_comparison,matched,raw_latent_guide_transformer_v1,raw_latent_guide_transformer_v1,2070817,854672,msl,Pa,96.0,True,533.8585885880759,513.5294287538115,-20.329159834264374,-0.03958713697011951,-0.03469482521077949,
transformer,7,raw,guided:zero:statistical:signed_measure,joint,statistical,observed_reconstruction,transformer/guided:zero:statistical:signed_measure/vs_raw,whole_model_comparison,matched,raw_latent_guide_transformer_v1,raw_latent_guide_transformer_v1,2070817,854672,msl,Pa,120.0,True,574.0671855328842,560.2990370501542,-13.768148482729998,-0.024572857656897096,-0.028563934759185616,
transformer,7,raw,guided:zero:statistical:signed_measure,joint,statistical,observed_reconstruction,transformer/guided:zero:statistical:signed_measure/vs_raw,whole_model_comparison,matched,raw_latent_guide_transformer_v1,raw_latent_guide_transformer_v1,2070817,854672,t2m,K,24.0,True,0.7482390529372777,0.7486118994878125,0.0003728465505348222,0.0004980505263005863,-3.21183124121216e-05,
transformer,7,raw,guided:zero:statistical:signed_measure,joint,statistical,observed_reconstruction,transformer/guided:zero:statistical:signed_measure/vs_raw,whole_model_comparison,matched,raw_latent_guide_transformer_v1,raw_latent_guide_transformer_v1,2070817,854672,t2m,K,48.0,True,1.1424855774448994,1.1317391712817986,-0.010746406163100852,-0.00949547955553176,-0.0008725878744392235,
transformer,7,raw,guided:zero:statistical:signed_measure,joint,statistical,observed_reconstruction,transformer/guided:zero:statistical:signed_measure/vs_raw,whole_model_comparison,matched,raw_latent_guide_transformer_v1,raw_latent_guide_transformer_v1,2070817,854672,t2m,K,72.0,True,1.4213331482606932,1.3997476930611952,-0.02158545519949806,-0.015420961439337244,-0.0020274176979331315,
transformer,7,raw,guided:zero:statistical:signed_measure,joint,statistical,observed_reconstruction,transformer/guided:zero:statistical:signed_measure/vs_raw,whole_model_comparison,matched,raw_latent_guide_transformer_v1,raw_latent_guide_transformer_v1,2070817,854672,t2m,K,96.0,True,1.6215584621902701,1.5982304639824503,-0.023327998207819833,-0.014596141628843373,-0.0024101915139205232,
transformer,7,raw,guided:zero:statistical:signed_measure,joint,statistical,observed_reconstruction,transformer/guided:zero:statistical:signed_measure/vs_raw,whole_model_comparison,matched,raw_latent_guide_transformer_v1,raw_latent_guide_transformer_v1,2070817,854672,t2m,K,120.0,True,1.769591937456931,1.7468663632008121,-0.022725574256118986,-0.013009337597226667,-0.0023094372331045054,
transformer,7,raw,guided:zero:statistical:signed_measure,joint,statistical,observed_reconstruction,transformer/guided:zero:statistical:signed_measure/vs_raw,whole_model_comparison,matched,raw_latent_guide_transformer_v1,raw_latent_guide_transformer_v1,2070817,854672,u10,m/s,24.0,True,1.166527514326989,1.1451416870279225,-0.021385827299066573,-0.01867526747242154,-0.0033137076132760956,
transformer,7,raw,guided:zero:statistical:signed_measure,joint,statistical,observed_reconstruction,transformer/guided:zero:statistical:signed_measure/vs_raw,whole_model_comparison,matched,raw_latent_guide_transformer_v1,raw_latent_guide_transformer_v1,2070817,854672,u10,m/s,48.0,True,1.7976163024393896,1.7322663430246628,-0.06534995941472688,-0.03772512216604129,-0.017216322215941604,
transformer,7,raw,guided:zero:statistical:signed_measure,joint,statistical,observed_reconstruction,transformer/guided:zero:statistical:signed_measure/vs_raw,whole_model_comparison,matched,raw_latent_guide_transformer_v1,raw_latent_guide_transformer_v1,2070817,854672,u10,m/s,72.0,True,2.1825309356607367,2.104142865604235,-0.07838807005650184,-0.03725415766100637,-0.029277386530582317,
transformer,7,raw,guided:zero:statistical:signed_measure,joint,statistical,observed_reconstruction,transformer/guided:zero:statistical:signed_measure/vs_raw,whole_model_comparison,matched,raw_latent_guide_transformer_v1,raw_latent_guide_transformer_v1,2070817,854672,u10,m/s,96.0,True,2.406647260274992,2.340856706906456,-0.06579055336853612,-0.028105331340627426,-0.030250857051960955,
transformer,7,raw,guided:zero:statistical:signed_measure,joint,statistical,observed_reconstruction,transformer/guided:zero:statistical:signed_measure/vs_raw,whole_model_comparison,matched,raw_latent_guide_transformer_v1,raw_latent_guide_transformer_v1,2070817,854672,u10,m/s,120.0,True,2.5475663485980196,2.4973185966106355,-0.05024775198738407,-0.020120681460339185,-0.026740270813785938,
transformer,7,raw,guided:zero:statistical:signed_measure,joint,statistical,observed_reconstruction,transformer/guided:zero:statistical:signed_measure/vs_raw,whole_model_comparison,matched,raw_latent_guide_transformer_v1,raw_latent_guide_transformer_v1,2070817,854672,v10,m/s,24.0,True,1.2556948873600309,1.2384593418990164,-0.017235545461014468,-0.013916924745051462,-0.0026633020852674383,
transformer,7,raw,guided:zero:statistical:signed_measure,joint,statistical,observed_reconstruction,transformer/guided:zero:statistical:signed_measure/vs_raw,whole_model_comparison,matched,raw_latent_guide_transformer_v1,raw_latent_guide_transformer_v1,2070817,854672,v10,m/s,48.0,True,1.915431009162988,1.8359449936095842,-0.07948601555340384,-0.043294333888037384,-0.021470574365922923,
transformer,7,raw,guided:zero:statistical:signed_measure,joint,statistical,observed_reconstruction,transformer/guided:zero:statistical:signed_measure/vs_raw,whole_model_comparison,matched,raw_latent_guide_transformer_v1,raw_latent_guide_transformer_v1,2070817,854672,v10,m/s,72.0,True,2.329951175927081,2.2381385342607034,-0.09181264166637737,-0.04102187610862296,-0.03667472776350522,
transformer,7,raw,guided:zero:statistical:signed_measure,joint,statistical,observed_reconstruction,transformer/guided:zero:statistical:signed_measure/vs_raw,whole_model_comparison,matched,raw_latent_guide_transformer_v1,raw_latent_guide_transformer_v1,2070817,854672,v10,m/s,96.0,True,2.570979808579347,2.4984618559586425,-0.07251795262070448,-0.02902503892455055,-0.03810653718528645,
transformer,7,raw,guided:zero:statistical:signed_measure,joint,statistical,observed_reconstruction,transformer/guided:zero:statistical:signed_measure/vs_raw,whole_model_comparison,matched,raw_latent_guide_transformer_v1,raw_latent_guide_transformer_v1,2070817,854672,v10,m/s,120.0,True,2.7153916513130083,2.6656975583158755,-0.04969409299713279,-0.018642059689820245,-0.03133580661791274,
transformer,19,raw,statistical:signed_measure,joint,statistical,observed_reconstruction,transformer/statistical:signed_measure/vs_raw,whole_model_comparison,matched,raw_latent_guide_transformer_v1,raw_latent_guide_transformer_v1,2083089,854672,msl,Pa,24.0,True,227.09341401270447,214.34109589890042,-12.752318113804051,-0.05949544141464602,-0.0068064421679032705,
transformer,19,raw,statistical:signed_measure,joint,statistical,observed_reconstruction,transformer/statistical:signed_measure/vs_raw,whole_model_comparison,matched,raw_latent_guide_transformer_v1,raw_latent_guide_transformer_v1,2083089,854672,msl,Pa,48.0,True,362.63732270787733,355.2606235926228,-7.376699115254553,-0.020764190077292133,-0.008208186996671585,
transformer,19,raw,statistical:signed_measure,joint,statistical,observed_reconstruction,transformer/statistical:signed_measure/vs_raw,whole_model_comparison,matched,raw_latent_guide_transformer_v1,raw_latent_guide_transformer_v1,2083089,854672,msl,Pa,72.0,True,463.944051144039,453.54512048452193,-10.398930659517077,-0.022928106135080784,-0.016827187250912368,
transformer,19,raw,statistical:signed_measure,joint,statistical,observed_reconstruction,transformer/statistical:signed_measure/vs_raw,whole_model_comparison,matched,raw_latent_guide_transformer_v1,raw_latent_guide_transformer_v1,2083089,854672,msl,Pa,96.0,True,532.2795471219921,519.1345694720709,-13.144977649921202,-0.025320944554489744,-0.025291420296736145,
transformer,19,raw,statistical:signed_measure,joint,statistical,observed_reconstruction,transformer/statistical:signed_measure/vs_raw,whole_model_comparison,matched,raw_latent_guide_transformer_v1,raw_latent_guide_transformer_v1,2083089,854672,msl,Pa,120.0,True,575.702313656196,564.1626426306613,-11.539671025534744,-0.020454511081637428,-0.028863776130188534,
transformer,19,raw,statistical:signed_measure,joint,statistical,observed_reconstruction,transformer/statistical:signed_measure/vs_raw,whole_model_comparison,matched,raw_latent_guide_transformer_v1,raw_latent_guide_transformer_v1,2083089,854672,t2m,K,24.0,True,0.8379109085863947,0.7257773125753307,-0.11213359601106399,-0.1545013795115362,-0.00464626662224088,
transformer,19,raw,statistical:signed_measure,joint,statistical,observed_reconstruction,transformer/statistical:signed_measure/vs_raw,whole_model_comparison,matched,raw_latent_guide_transformer_v1,raw_latent_guide_transformer_v1,2083089,854672,t2m,K,48.0,True,1.1538618059766979,1.1142304304691608,-0.03963137550753704,-0.03556838372368798,-0.0025631420773370994,
transformer,19,raw,statistical:signed_measure,joint,statistical,observed_reconstruction,transformer/statistical:signed_measure/vs_raw,whole_model_comparison,matched,raw_latent_guide_transformer_v1,raw_latent_guide_transformer_v1,2083089,854672,t2m,K,72.0,True,1.4247527482519888,1.3897651293601585,-0.03498761889183033,-0.025175202739428748,-0.0029311781592958885,
transformer,19,raw,statistical:signed_measure,joint,statistical,observed_reconstruction,transformer/statistical:signed_measure/vs_raw,whole_model_comparison,matched,raw_latent_guide_transformer_v1,raw_latent_guide_transformer_v1,2083089,854672,t2m,K,96.0,True,1.6347442061847703,1.595903331104954,-0.03884087507981637,-0.024337862026344803,-0.0036092100367084434,
transformer,19,raw,statistical:signed_measure,joint,statistical,observed_reconstruction,transformer/statistical:signed_measure/vs_raw,whole_model_comparison,matched,raw_latent_guide_transformer_v1,raw_latent_guide_transformer_v1,2083089,854672,t2m,K,120.0,True,1.7845907863270372,1.7485544472877506,-0.0360363390392866,-0.020609217571225136,-0.0037484870259324454,
transformer,19,raw,statistical:signed_measure,joint,statistical,observed_reconstruction,transformer/statistical:signed_measure/vs_raw,whole_model_comparison,matched,raw_latent_guide_transformer_v1,raw_latent_guide_transformer_v1,2083089,854672,u10,m/s,24.0,True,1.153118228672559,1.1277933974054923,-0.02532483126706664,-0.022455204406522267,-0.0038777511732585035,
transformer,19,raw,statistical:signed_measure,joint,statistical,observed_reconstruction,transformer/statistical:signed_measure/vs_raw,whole_model_comparison,matched,raw_latent_guide_transformer_v1,raw_latent_guide_transformer_v1,2083089,854672,u10,m/s,48.0,True,1.7171572119841163,1.7443261064701705,0.027168894486054196,0.015575582103184438,0.0062080224480833834,
transformer,19,raw,statistical:signed_measure,joint,statistical,observed_reconstruction,transformer/statistical:signed_measure/vs_raw,whole_model_comparison,matched,raw_latent_guide_transformer_v1,raw_latent_guide_transformer_v1,2083089,854672,u10,m/s,72.0,True,2.1134839523028264,2.12327254839081,0.00978859608798377,0.004610145831444146,0.0023130967379021428,
transformer,19,raw,statistical:signed_measure,joint,statistical,observed_reconstruction,transformer/statistical:signed_measure/vs_raw,whole_model_comparison,matched,raw_latent_guide_transformer_v1,raw_latent_guide_transformer_v1,2083089,854672,u10,m/s,96.0,True,2.3642954182938003,2.3547329645122823,-0.009562453781517988,-0.0040609504031376975,-0.004329061236318821,
transformer,19,raw,statistical:signed_measure,joint,statistical,observed_reconstruction,transformer/statistical:signed_measure/vs_raw,whole_model_comparison,matched,raw_latent_guide_transformer_v1,raw_latent_guide_transformer_v1,2083089,854672,u10,m/s,120.0,True,2.517037978184753,2.505411562846304,-0.011626415338449103,-0.004640521146649812,-0.007329935803580989,
transformer,19,raw,statistical:signed_measure,joint,statistical,observed_reconstruction,transformer/statistical:signed_measure/vs_raw,whole_model_comparison,matched,raw_latent_guide_transformer_v1,raw_latent_guide_transformer_v1,2083089,854672,v10,m/s,24.0,True,1.2357892607810206,1.2211379945114311,-0.014651266269589458,-0.011998043083944365,-0.0016593585971074187,
transformer,19,raw,statistical:signed_measure,joint,statistical,observed_reconstruction,transformer/statistical:signed_measure/vs_raw,whole_model_comparison,matched,raw_latent_guide_transformer_v1,raw_latent_guide_transformer_v1,2083089,854672,v10,m/s,48.0,True,1.8332917873436316,1.8702919585772886,0.03700017123365695,0.019783099138063198,0.009336917754176222,
transformer,19,raw,statistical:signed_measure,joint,statistical,observed_reconstruction,transformer/statistical:signed_measure/vs_raw,whole_model_comparison,matched,raw_latent_guide_transformer_v1,raw_latent_guide_transformer_v1,2083089,854672,v10,m/s,72.0,True,2.266245425492277,2.288566088983978,0.02232066349170081,0.009753121659514807,0.007606192625952968,
transformer,19,raw,statistical:signed_measure,joint,statistical,observed_reconstruction,transformer/statistical:signed_measure/vs_raw,whole_model_comparison,matched,raw_latent_guide_transformer_v1,raw_latent_guide_transformer_v1,2083089,854672,v10,m/s,96.0,True,2.549802878284223,2.5360545091167634,-0.013748369167459362,-0.005421164694227043,-0.004678200159479284,
transformer,19,raw,statistical:signed_measure,joint,statistical,observed_reconstruction,transformer/statistical:signed_measure/vs_raw,whole_model_comparison,matched,raw_latent_guide_transformer_v1,raw_latent_guide_transformer_v1,2083089,854672,v10,m/s,120.0,True,2.7085701219583678,2.68541303783623,-0.023157084122137572,-0.008623285802170866,-0.01112183621489049,
transformer,19,raw,guided:learned:statistical:signed_measure,joint,statistical,observed_reconstruction,transformer/guided:learned:statistical:signed_measure/vs_raw,whole_model_comparison,matched,raw_latent_guide_transformer_v1,raw_latent_guide_transformer_v1,2070817,854672,msl,Pa,24.0,True,217.50508172139223,214.34109589890042,-3.16398582249181,-0.014761452110817697,-0.0018002133921481978,
transformer,19,raw,guided:learned:statistical:signed_measure,joint,statistical,observed_reconstruction,transformer/guided:learned:statistical:signed_measure/vs_raw,whole_model_comparison,matched,raw_latent_guide_transformer_v1,raw_latent_guide_transformer_v1,2070817,854672,msl,Pa,48.0,True,345.0056831446664,355.2606235926228,10.254940447956358,0.02886596421593768,0.008358186526876143,
transformer,19,raw,guided:learned:statistical:signed_measure,joint,statistical,observed_reconstruction,transformer/guided:learned:statistical:signed_measure/vs_raw,whole_model_comparison,matched,raw_latent_guide_transformer_v1,raw_latent_guide_transformer_v1,2070817,854672,msl,Pa,72.0,True,440.67306131533655,453.54512048452193,12.872059169185377,0.0283809892066178,0.014839488810782675,
transformer,19,raw,guided:learned:statistical:signed_measure,joint,statistical,observed_reconstruction,transformer/guided:learned:statistical:signed_measure/vs_raw,whole_model_comparison,matched,raw_latent_guide_transformer_v1,raw_latent_guide_transformer_v1,2070817,854672,msl,Pa,96.0,True,509.29259003264514,519.1345694720709,9.841979439425756,0.018958435862659773,0.013171818766382182,
transformer,19,raw,guided:learned:statistical:signed_measure,joint,statistical,observed_reconstruction,transformer/guided:learned:statistical:signed_measure/vs_raw,whole_model_comparison,matched,raw_latent_guide_transformer_v1,raw_latent_guide_transformer_v1,2070817,854672,msl,Pa,120.0,True,557.6330676247493,564.1626426306613,6.5295750059119655,0.011573923036564238,0.008453822102430841,
transformer,19,raw,guided:learned:statistical:signed_measure,joint,statistical,observed_reconstruction,transformer/guided:learned:statistical:signed_measure/vs_raw,whole_model_comparison,matched,raw_latent_guide_transformer_v1,raw_latent_guide_transformer_v1,2070817,854672,t2m,K,24.0,True,0.7463478530627398,0.7257773125753307,-0.020570540487409028,-0.028342771441032033,-0.0008405235906515651,
transformer,19,raw,guided:learned:statistical:signed_measure,joint,statistical,observed_reconstruction,transformer/guided:learned:statistical:signed_measure/vs_raw,whole_model_comparison,matched,raw_latent_guide_transformer_v1,raw_latent_guide_transformer_v1,2070817,854672,t2m,K,48.0,True,1.1169366696732506,1.1142304304691608,-0.0027062392040897443,-0.002428796710344905,-0.00011635785355856854,
transformer,19,raw,guided:learned:statistical:signed_measure,joint,statistical,observed_reconstruction,transformer/guided:learned:statistical:signed_measure/vs_raw,whole_model_comparison,matched,raw_latent_guide_transformer_v1,raw_latent_guide_transformer_v1,2070817,854672,t2m,K,72.0,True,1.3792130546418702,1.3897651293601585,0.01055207471828834,0.007592703612549601,0.0010457905428113978,
transformer,19,raw,guided:learned:statistical:signed_measure,joint,statistical,observed_reconstruction,transformer/guided:learned:statistical:signed_measure/vs_raw,whole_model_comparison,matched,raw_latent_guide_transformer_v1,raw_latent_guide_transformer_v1,2070817,854672,t2m,K,96.0,True,1.582164050441176,1.595903331104954,0.013739280663777942,0.008609093292803238,0.001634706562436028,
transformer,19,raw,guided:learned:statistical:signed_measure,joint,statistical,observed_reconstruction,transformer/guided:learned:statistical:signed_measure/vs_raw,whole_model_comparison,matched,raw_latent_guide_transformer_v1,raw_latent_guide_transformer_v1,2070817,854672,t2m,K,120.0,True,1.7396099668425893,1.7485544472877506,0.008944480445161274,0.005115357122013164,0.0013059824481989057,
transformer,19,raw,guided:learned:statistical:signed_measure,joint,statistical,observed_reconstruction,transformer/guided:learned:statistical:signed_measure/vs_raw,whole_model_comparison,matched,raw_latent_guide_transformer_v1,raw_latent_guide_transformer_v1,2070817,854672,u10,m/s,24.0,True,1.1411440021959927,1.1277933974054923,-0.01335060479050032,-0.011837810738397403,-0.0022920423632434295,
transformer,19,raw,guided:learned:statistical:signed_measure,joint,statistical,observed_reconstruction,transformer/guided:learned:statistical:signed_measure/vs_raw,whole_model_comparison,matched,raw_latent_guide_transformer_v1,raw_latent_guide_transformer_v1,2070817,854672,u10,m/s,48.0,True,1.7056907347859231,1.7443261064701705,0.038635371684247355,0.022149167831025718,0.009366850075336774,
transformer,19,raw,guided:learned:statistical:signed_measure,joint,statistical,observed_reconstruction,transformer/guided:learned:statistical:signed_measure/vs_raw,whole_model_comparison,matched,raw_latent_guide_transformer_v1,raw_latent_guide_transformer_v1,2070817,854672,u10,m/s,72.0,True,2.076886548245576,2.12327254839081,0.046386000145234085,0.021846465344446342,0.016250089434218684,
transformer,19,raw,guided:learned:statistical:signed_measure,joint,statistical,observed_reconstruction,transformer/guided:learned:statistical:signed_measure/vs_raw,whole_model_comparison,matched,raw_latent_guide_transformer_v1,raw_latent_guide_transformer_v1,2070817,854672,u10,m/s,96.0,True,2.3199510856354615,2.3547329645122823,0.034781878876820826,0.01477105022141012,0.015735012265901238,
transformer,19,raw,guided:learned:statistical:signed_measure,joint,statistical,observed_reconstruction,transformer/guided:learned:statistical:signed_measure/vs_raw,whole_model_comparison,matched,raw_latent_guide_transformer_v1,raw_latent_guide_transformer_v1,2070817,854672,u10,m/s,120.0,True,2.483600366096005,2.505411562846304,0.021811196750298745,0.008705634265341988,0.012148185991615712,
transformer,19,raw,guided:learned:statistical:signed_measure,joint,statistical,observed_reconstruction,transformer/guided:learned:statistical:signed_measure/vs_raw,whole_model_comparison,matched,raw_latent_guide_transformer_v1,raw_latent_guide_transformer_v1,2070817,854672,v10,m/s,24.0,True,1.2338100059979153,1.2211379945114311,-0.012672011486484225,-0.010377214977701277,-0.0019112413568584952,
transformer,19,raw,guided:learned:statistical:signed_measure,joint,statistical,observed_reconstruction,transformer/guided:learned:statistical:signed_measure/vs_raw,whole_model_comparison,matched,raw_latent_guide_transformer_v1,raw_latent_guide_transformer_v1,2070817,854672,v10,m/s,48.0,True,1.814615372360969,1.8702919585772886,0.055676586216319546,0.02976892776605433,0.014503107855324271,
transformer,19,raw,guided:learned:statistical:signed_measure,joint,statistical,observed_reconstruction,transformer/guided:learned:statistical:signed_measure/vs_raw,whole_model_comparison,matched,raw_latent_guide_transformer_v1,raw_latent_guide_transformer_v1,2070817,854672,v10,m/s,72.0,True,2.223834511101209,2.288566088983978,0.06473157788276884,0.02828477542962582,0.0252956882890093,
transformer,19,raw,guided:learned:statistical:signed_measure,joint,statistical,observed_reconstruction,transformer/guided:learned:statistical:signed_measure/vs_raw,whole_model_comparison,matched,raw_latent_guide_transformer_v1,raw_latent_guide_transformer_v1,2070817,854672,v10,m/s,96.0,True,2.4970138620951925,2.5360545091167634,0.03904064702157095,0.01539424601530659,0.021155440172725082,
transformer,19,raw,guided:learned:statistical:signed_measure,joint,statistical,observed_reconstruction,transformer/guided:learned:statistical:signed_measure/vs_raw,whole_model_comparison,matched,raw_latent_guide_transformer_v1,raw_latent_guide_transformer_v1,2070817,854672,v10,m/s,120.0,True,2.6691500981692897,2.68541303783623,0.01626293966694048,0.006056029161176757,0.014282712857323243,
transformer,19,raw,guided:zero:statistical:signed_measure,joint,statistical,observed_reconstruction,transformer/guided:zero:statistical:signed_measure/vs_raw,whole_model_comparison,matched,raw_latent_guide_transformer_v1,raw_latent_guide_transformer_v1,2070817,854672,msl,Pa,24.0,True,239.64956473491017,214.34109589890042,-25.30846883600975,-0.11807567153592968,-0.012579025759536178,
transformer,19,raw,guided:zero:statistical:signed_measure,joint,statistical,observed_reconstruction,transformer/guided:zero:statistical:signed_measure/vs_raw,whole_model_comparison,matched,raw_latent_guide_transformer_v1,raw_latent_guide_transformer_v1,2070817,854672,msl,Pa,48.0,True,388.69623316034745,355.2606235926228,-33.43560956772467,-0.09411572053666517,-0.03198488429505686,
transformer,19,raw,guided:zero:statistical:signed_measure,joint,statistical,observed_reconstruction,transformer/guided:zero:statistical:signed_measure/vs_raw,whole_model_comparison,matched,raw_latent_guide_transformer_v1,raw_latent_guide_transformer_v1,2070817,854672,msl,Pa,72.0,True,482.7649613515069,453.54512048452193,-29.219840866984953,-0.06442543320887117,-0.04109123606469256,
transformer,19,raw,guided:zero:statistical:signed_measure,joint,statistical,observed_reconstruction,transformer/guided:zero:statistical:signed_measure/vs_raw,whole_model_comparison,matched,raw_latent_guide_transformer_v1,raw_latent_guide_transformer_v1,2070817,854672,msl,Pa,96.0,True,538.8496315098505,519.1345694720709,-19.715062037779603,-0.037976785205864116,-0.038269386829665075,
transformer,19,raw,guided:zero:statistical:signed_measure,joint,statistical,observed_reconstruction,transformer/guided:zero:statistical:signed_measure/vs_raw,whole_model_comparison,matched,raw_latent_guide_transformer_v1,raw_latent_guide_transformer_v1,2070817,854672,msl,Pa,120.0,True,576.3552530295417,564.1626426306613,-12.192610398880447,-0.021611871254053394,-0.03254880613743205,
transformer,19,raw,guided:zero:statistical:signed_measure,joint,statistical,observed_reconstruction,transformer/guided:zero:statistical:signed_measure/vs_raw,whole_model_comparison,matched,raw_latent_guide_transformer_v1,raw_latent_guide_transformer_v1,2070817,854672,t2m,K,24.0,True,0.7539884658028436,0.7257773125753307,-0.028211153227512886,-0.03887026053130427,-0.0011273276375456387,
transformer,19,raw,guided:zero:statistical:signed_measure,joint,statistical,observed_reconstruction,transformer/guided:zero:statistical:signed_measure/vs_raw,whole_model_comparison,matched,raw_latent_guide_transformer_v1,raw_latent_guide_transformer_v1,2070817,854672,t2m,K,48.0,True,1.1533660403525756,1.1142304304691608,-0.0391356098834148,-0.03512344378077725,-0.0025015320551857734,
transformer,19,raw,guided:zero:statistical:signed_measure,joint,statistical,observed_reconstruction,transformer/guided:zero:statistical:signed_measure/vs_raw,whole_model_comparison,matched,raw_latent_guide_transformer_v1,raw_latent_guide_transformer_v1,2070817,854672,t2m,K,72.0,True,1.4348125034765793,1.3897651293601585,-0.04504737411642079,-0.032413659808229855,-0.003612356607143985,
transformer,19,raw,guided:zero:statistical:signed_measure,joint,statistical,observed_reconstruction,transformer/guided:zero:statistical:signed_measure/vs_raw,whole_model_comparison,matched,raw_latent_guide_transformer_v1,raw_latent_guide_transformer_v1,2070817,854672,t2m,K,96.0,True,1.6353374475976066,1.595903331104954,-0.039434116492652604,-0.02470958968758441,-0.003647835664167376,
transformer,19,raw,guided:zero:statistical:signed_measure,joint,statistical,observed_reconstruction,transformer/guided:zero:statistical:signed_measure/vs_raw,whole_model_comparison,matched,raw_latent_guide_transformer_v1,raw_latent_guide_transformer_v1,2070817,854672,t2m,K,120.0,True,1.7775474682841657,1.7485544472877506,-0.028993020996415098,-0.016581137088059972,-0.0028032154816689525,
transformer,19,raw,guided:zero:statistical:signed_measure,joint,statistical,observed_reconstruction,transformer/guided:zero:statistical:signed_measure/vs_raw,whole_model_comparison,matched,raw_latent_guide_transformer_v1,raw_latent_guide_transformer_v1,2070817,854672,u10,m/s,24.0,True,1.2049095189012062,1.1277933974054923,-0.0771161214957139,-0.06837787991410549,-0.011820481679076345,
transformer,19,raw,guided:zero:statistical:signed_measure,joint,statistical,observed_reconstruction,transformer/guided:zero:statistical:signed_measure/vs_raw,whole_model_comparison,matched,raw_latent_guide_transformer_v1,raw_latent_guide_transformer_v1,2070817,854672,u10,m/s,48.0,True,1.836552487239529,1.7443261064701705,-0.09222638076935841,-0.05287221261395225,-0.02483570658323475,
transformer,19,raw,guided:zero:statistical:signed_measure,joint,statistical,observed_reconstruction,transformer/guided:zero:statistical:signed_measure/vs_raw,whole_model_comparison,matched,raw_latent_guide_transformer_v1,raw_latent_guide_transformer_v1,2070817,854672,u10,m/s,72.0,True,2.206503210219383,2.12327254839081,-0.08323066182857275,-0.039199236052692266,-0.03227985979719983,
transformer,19,raw,guided:zero:statistical:signed_measure,joint,statistical,observed_reconstruction,transformer/guided:zero:statistical:signed_measure/vs_raw,whole_model_comparison,matched,raw_latent_guide_transformer_v1,raw_latent_guide_transformer_v1,2070817,854672,u10,m/s,96.0,True,2.415594647978391,2.3547329645122823,-0.06086168346610865,-0.025846533081815615,-0.031032789351003953,
transformer,19,raw,guided:zero:statistical:signed_measure,joint,statistical,observed_reconstruction,transformer/guided:zero:statistical:signed_measure/vs_raw,whole_model_comparison,matched,raw_latent_guide_transformer_v1,raw_latent_guide_transformer_v1,2070817,854672,u10,m/s,120.0,True,2.5459003526480206,2.505411562846304,-0.040488789801716774,-0.016160534421625794,-0.02630209849205617,
transformer,19,raw,guided:zero:statistical:signed_measure,joint,statistical,observed_reconstruction,transformer/guided:zero:statistical:signed_measure/vs_raw,whole_model_comparison,matched,raw_latent_guide_transformer_v1,raw_latent_guide_transformer_v1,2070817,854672,v10,m/s,24.0,True,1.2913256755469789,1.2211379945114311,-0.07018768103554773,-0.05747727230748345,-0.011169066566544261,
transformer,19,raw,guided:zero:statistical:signed_measure,joint,statistical,observed_reconstruction,transformer/guided:zero:statistical:signed_measure/vs_raw,whole_model_comparison,matched,raw_latent_guide_transformer_v1,raw_latent_guide_transformer_v1,2070817,854672,v10,m/s,48.0,True,1.962176327111506,1.8702919585772886,-0.09188436853421744,-0.04912835566277729,-0.026210554630132554,
transformer,19,raw,guided:zero:statistical:signed_measure,joint,statistical,observed_reconstruction,transformer/guided:zero:statistical:signed_measure/vs_raw,whole_model_comparison,matched,raw_latent_guide_transformer_v1,raw_latent_guide_transformer_v1,2070817,854672,v10,m/s,72.0,True,2.3732681782252802,2.288566088983978,-0.0847020892413024,-0.037010986769845156,-0.03740579971979452,
transformer,19,raw,guided:zero:statistical:signed_measure,joint,statistical,observed_reconstruction,transformer/guided:zero:statistical:signed_measure/vs_raw,whole_model_comparison,matched,raw_latent_guide_transformer_v1,raw_latent_guide_transformer_v1,2070817,854672,v10,m/s,96.0,True,2.5954401660462794,2.5360545091167634,-0.05938565692951592,-0.023416553830382103,-0.0365278352312115,
transformer,19,raw,guided:zero:statistical:signed_measure,joint,statistical,observed_reconstruction,transformer/guided:zero:statistical:signed_measure/vs_raw,whole_model_comparison,matched,raw_latent_guide_transformer_v1,raw_latent_guide_transformer_v1,2070817,854672,v10,m/s,120.0,True,2.7242126598079843,2.68541303783623,-0.03879962197175413,-0.014448288373179574,-0.029541781710475057,
transformer,43,raw,statistical:signed_measure,joint,statistical,observed_reconstruction,transformer/statistical:signed_measure/vs_raw,whole_model_comparison,matched,raw_latent_guide_transformer_v1,raw_latent_guide_transformer_v1,2083089,854672,msl,Pa,24.0,True,218.75688871429077,209.5529692110419,-9.20391950324887,-0.043921684994019605,-0.0043008872367902296,
transformer,43,raw,statistical:signed_measure,joint,statistical,observed_reconstruction,transformer/statistical:signed_measure/vs_raw,whole_model_comparison,matched,raw_latent_guide_transformer_v1,raw_latent_guide_transformer_v1,2083089,854672,msl,Pa,48.0,True,352.64498270324987,341.83337022971307,-10.811612473536798,-0.03162831196460236,-0.01031817596474216,
transformer,43,raw,statistical:signed_measure,joint,statistical,observed_reconstruction,transformer/statistical:signed_measure/vs_raw,whole_model_comparison,matched,raw_latent_guide_transformer_v1,raw_latent_guide_transformer_v1,2083089,854672,msl,Pa,72.0,True,456.04857208784955,437.77839740874265,-18.2701746791069,-0.04173384248115042,-0.024277066742733222,
transformer,43,raw,statistical:signed_measure,joint,statistical,observed_reconstruction,transformer/statistical:signed_measure/vs_raw,whole_model_comparison,matched,raw_latent_guide_transformer_v1,raw_latent_guide_transformer_v1,2083089,854672,msl,Pa,96.0,True,528.731378132987,506.5289099950015,-22.20246813798542,-0.043832578358073304,-0.03565853844611189,
transformer,43,raw,statistical:signed_measure,joint,statistical,observed_reconstruction,transformer/statistical:signed_measure/vs_raw,whole_model_comparison,matched,raw_latent_guide_transformer_v1,raw_latent_guide_transformer_v1,2083089,854672,msl,Pa,120.0,True,574.2924890566811,555.3508394367836,-18.941649619897476,-0.034107537568697,-0.036117724809011875,
transformer,43,raw,statistical:signed_measure,joint,statistical,observed_reconstruction,transformer/statistical:signed_measure/vs_raw,whole_model_comparison,matched,raw_latent_guide_transformer_v1,raw_latent_guide_transformer_v1,2083089,854672,t2m,K,24.0,True,0.7948706970288602,0.7253448374265652,-0.06952585960229496,-0.09585214647554974,-0.002898679671981985,
transformer,43,raw,statistical:signed_measure,joint,statistical,observed_reconstruction,transformer/statistical:signed_measure/vs_raw,whole_model_comparison,matched,raw_latent_guide_transformer_v1,raw_latent_guide_transformer_v1,2083089,854672,t2m,K,48.0,True,1.1150225393174287,1.096272269060567,-0.0187502702568616,-0.017103661915054413,-0.0012731256594272766,
transformer,43,raw,statistical:signed_measure,joint,statistical,observed_reconstruction,transformer/statistical:signed_measure/vs_raw,whole_model_comparison,matched,raw_latent_guide_transformer_v1,raw_latent_guide_transformer_v1,2083089,854672,t2m,K,72.0,True,1.3891975010811732,1.3647343128033818,-0.02446318827779148,-0.01792523866974527,-0.0019239401598186712,
transformer,43,raw,statistical:signed_measure,joint,statistical,observed_reconstruction,transformer/statistical:signed_measure/vs_raw,whole_model_comparison,matched,raw_latent_guide_transformer_v1,raw_latent_guide_transformer_v1,2083089,854672,t2m,K,96.0,True,1.614548777722153,1.5729778997333255,-0.041570877988827526,-0.026428138625390174,-0.0036218652416197816,
transformer,43,raw,statistical:signed_measure,joint,statistical,observed_reconstruction,transformer/statistical:signed_measure/vs_raw,whole_model_comparison,matched,raw_latent_guide_transformer_v1,raw_latent_guide_transformer_v1,2083089,854672,t2m,K,120.0,True,1.7783312734015777,1.7300759905313308,-0.04825528287024694,-0.027892001931907773,-0.005142090081041051,
transformer,43,raw,statistical:signed_measure,joint,statistical,observed_reconstruction,transformer/statistical:signed_measure/vs_raw,whole_model_comparison,matched,raw_latent_guide_transformer_v1,raw_latent_guide_transformer_v1,2083089,854672,u10,m/s,24.0,True,1.1366260520765537,1.1002569839283602,-0.036369068148193406,-0.03305506684296722,-0.005304580548192606,
transformer,43,raw,statistical:signed_measure,joint,statistical,observed_reconstruction,transformer/statistical:signed_measure/vs_raw,whole_model_comparison,matched,raw_latent_guide_transformer_v1,raw_latent_guide_transformer_v1,2083089,854672,u10,m/s,48.0,True,1.6966645256181274,1.684646399184569,-0.012018126433558374,-0.007133916315836819,-0.003980516340734486,
transformer,43,raw,statistical:signed_measure,joint,statistical,observed_reconstruction,transformer/statistical:signed_measure/vs_raw,whole_model_comparison,matched,raw_latent_guide_transformer_v1,raw_latent_guide_transformer_v1,2083089,854672,u10,m/s,72.0,True,2.1043223467966703,2.0639547999816528,-0.04036754681501753,-0.01955834828135594,-0.015193212002628909,
transformer,43,raw,statistical:signed_measure,joint,statistical,observed_reconstruction,transformer/statistical:signed_measure/vs_raw,whole_model_comparison,matched,raw_latent_guide_transformer_v1,raw_latent_guide_transformer_v1,2083089,854672,u10,m/s,96.0,True,2.374156495133591,2.3151184494696717,-0.05903804566391946,-0.025501090744382227,-0.024171529823653337,
transformer,43,raw,statistical:signed_measure,joint,statistical,observed_reconstruction,transformer/statistical:signed_measure/vs_raw,whole_model_comparison,matched,raw_latent_guide_transformer_v1,raw_latent_guide_transformer_v1,2083089,854672,u10,m/s,120.0,True,2.5335715258195037,2.4801047870480404,-0.05346673877146335,-0.021558257961794558,-0.02490405571375387,
transformer,43,raw,statistical:signed_measure,joint,statistical,observed_reconstruction,transformer/statistical:signed_measure/vs_raw,whole_model_comparison,matched,raw_latent_guide_transformer_v1,raw_latent_guide_transformer_v1,2083089,854672,v10,m/s,24.0,True,1.2042991955570195,1.1882304894599205,-0.016068706097098984,-0.01352322317903365,-0.0020471255237882735,
transformer,43,raw,statistical:signed_measure,joint,statistical,observed_reconstruction,transformer/statistical:signed_measure/vs_raw,whole_model_comparison,matched,raw_latent_guide_transformer_v1,raw_latent_guide_transformer_v1,2083089,854672,v10,m/s,48.0,True,1.8029634047615102,1.7891643647261595,-0.013799040035350707,-0.0077125614098974005,-0.004096460080234898,
transformer,43,raw,statistical:signed_measure,joint,statistical,observed_reconstruction,transformer/statistical:signed_measure/vs_raw,whole_model_comparison,matched,raw_latent_guide_transformer_v1,raw_latent_guide_transformer_v1,2083089,854672,v10,m/s,72.0,True,2.2461135036845423,2.204926594934712,-0.04118690874983022,-0.018679492026830946,-0.015728562418416248,
transformer,43,raw,statistical:signed_measure,joint,statistical,observed_reconstruction,transformer/statistical:signed_measure/vs_raw,whole_model_comparison,matched,raw_latent_guide_transformer_v1,raw_latent_guide_transformer_v1,2083089,854672,v10,m/s,96.0,True,2.545649728677494,2.488391934349117,-0.05725779432837674,-0.02300995817339091,-0.023594949898974815,
transformer,43,raw,statistical:signed_measure,joint,statistical,observed_reconstruction,transformer/statistical:signed_measure/vs_raw,whole_model_comparison,matched,raw_latent_guide_transformer_v1,raw_latent_guide_transformer_v1,2083089,854672,v10,m/s,120.0,True,2.7156550381956697,2.6679036906187115,-0.0477513475769582,-0.017898452535924925,-0.02289656744274149,
transformer,43,raw,guided:learned:statistical:signed_measure,joint,statistical,observed_reconstruction,transformer/guided:learned:statistical:signed_measure/vs_raw,whole_model_comparison,matched,raw_latent_guide_transformer_v1,raw_latent_guide_transformer_v1,2070817,854672,msl,Pa,24.0,True,213.41780633139902,209.5529692110419,-3.864837120357123,-0.01844324675955722,-0.00199576210731911,
transformer,43,raw,guided:learned:statistical:signed_measure,joint,statistical,observed_reconstruction,transformer/guided:learned:statistical:signed_measure/vs_raw,whole_model_comparison,matched,raw_latent_guide_transformer_v1,raw_latent_guide_transformer_v1,2070817,854672,msl,Pa,48.0,True,340.7959939723742,341.83337022971307,1.037376257338849,0.0030347425022949626,0.0001520235838510242,
transformer,43,raw,guided:learned:statistical:signed_measure,joint,statistical,observed_reconstruction,transformer/guided:learned:statistical:signed_measure/vs_raw,whole_model_comparison,matched,raw_latent_guide_transformer_v1,raw_latent_guide_transformer_v1,2070817,854672,msl,Pa,72.0,True,435.60959847798983,437.77839740874265,2.168798930752814,0.004954102220644407,0.0026930172326977697,
transformer,43,raw,guided:learned:statistical:signed_measure,joint,statistical,observed_reconstruction,transformer/guided:learned:statistical:signed_measure/vs_raw,whole_model_comparison,matched,raw_latent_guide_transformer_v1,raw_latent_guide_transformer_v1,2070817,854672,msl,Pa,96.0,True,501.9528246938768,506.5289099950015,4.576085301124749,0.009034203597914847,0.007689332560669282,
transformer,43,raw,guided:learned:statistical:signed_measure,joint,statistical,observed_reconstruction,transformer/guided:learned:statistical:signed_measure/vs_raw,whole_model_comparison,matched,raw_latent_guide_transformer_v1,raw_latent_guide_transformer_v1,2070817,854672,msl,Pa,120.0,True,549.8787062435781,555.3508394367836,5.472133193205536,0.009853470643449769,0.01048384366896049,
transformer,43,raw,guided:learned:statistical:signed_measure,joint,statistical,observed_reconstruction,transformer/guided:learned:statistical:signed_measure/vs_raw,whole_model_comparison,matched,raw_latent_guide_transformer_v1,raw_latent_guide_transformer_v1,2070817,854672,t2m,K,24.0,True,0.7464846498881876,0.7253448374265652,-0.021139812461622443,-0.029144499789402145,-0.0007880811729278347,
transformer,43,raw,guided:learned:statistical:signed_measure,joint,statistical,observed_reconstruction,transformer/guided:learned:statistical:signed_measure/vs_raw,whole_model_comparison,matched,raw_latent_guide_transformer_v1,raw_latent_guide_transformer_v1,2070817,854672,t2m,K,48.0,True,1.1185281600883805,1.096272269060567,-0.022255891027813446,-0.020301426621769147,-0.0013907175845756514,
transformer,43,raw,guided:learned:statistical:signed_measure,joint,statistical,observed_reconstruction,transformer/guided:learned:statistical:signed_measure/vs_raw,whole_model_comparison,matched,raw_latent_guide_transformer_v1,raw_latent_guide_transformer_v1,2070817,854672,t2m,K,72.0,True,1.3793960067801536,1.3647343128033818,-0.014661693976771861,-0.010743258844759573,-0.0010819371742091244,
transformer,43,raw,guided:learned:statistical:signed_measure,joint,statistical,observed_reconstruction,transformer/guided:learned:statistical:signed_measure/vs_raw,whole_model_comparison,matched,raw_latent_guide_transformer_v1,raw_latent_guide_transformer_v1,2070817,854672,t2m,K,96.0,True,1.5759617445424916,1.5729778997333255,-0.0029838448091661363,-0.0018969400712318674,0.00018920240805497812,
transformer,43,raw,guided:learned:statistical:signed_measure,joint,statistical,observed_reconstruction,transformer/guided:learned:statistical:signed_measure/vs_raw,whole_model_comparison,matched,raw_latent_guide_transformer_v1,raw_latent_guide_transformer_v1,2070817,854672,t2m,K,120.0,True,1.7257229282657816,1.7300759905313308,0.004353062265549212,0.0025161104421849156,0.0012118615886421713,
transformer,43,raw,guided:learned:statistical:signed_measure,joint,statistical,observed_reconstruction,transformer/guided:learned:statistical:signed_measure/vs_raw,whole_model_comparison,matched,raw_latent_guide_transformer_v1,raw_latent_guide_transformer_v1,2070817,854672,u10,m/s,24.0,True,1.144113036099104,1.1002569839283602,-0.04385605217074384,-0.03985982621456308,-0.006410635145482568,
transformer,43,raw,guided:learned:statistical:signed_measure,joint,statistical,observed_reconstruction,transformer/guided:learned:statistical:signed_measure/vs_raw,whole_model_comparison,matched,raw_latent_guide_transformer_v1,raw_latent_guide_transformer_v1,2070817,854672,u10,m/s,48.0,True,1.6991339100452394,1.684646399184569,-0.01448751086067035,-0.008599733966536238,-0.002687937957170372,
transformer,43,raw,guided:learned:statistical:signed_measure,joint,statistical,observed_reconstruction,transformer/guided:learned:statistical:signed_measure/vs_raw,whole_model_comparison,matched,raw_latent_guide_transformer_v1,raw_latent_guide_transformer_v1,2070817,854672,u10,m/s,72.0,True,2.0604562791553613,2.0639547999816528,0.003498520826291429,0.001695056900627101,0.0018215166235100444,
transformer,43,raw,guided:learned:statistical:signed_measure,joint,statistical,observed_reconstruction,transformer/guided:learned:statistical:signed_measure/vs_raw,whole_model_comparison,matched,raw_latent_guide_transformer_v1,raw_latent_guide_transformer_v1,2070817,854672,u10,m/s,96.0,True,2.296527532635438,2.3151184494696717,0.01859091683423353,0.008030222746698845,0.007997884753647932,
transformer,43,raw,guided:learned:statistical:signed_measure,joint,statistical,observed_reconstruction,transformer/guided:learned:statistical:signed_measure/vs_raw,whole_model_comparison,matched,raw_latent_guide_transformer_v1,raw_latent_guide_transformer_v1,2070817,854672,u10,m/s,120.0,True,2.4639428658858384,2.4801047870480404,0.016161921162201942,0.006516628348368636,0.008150967714374624,
transformer,43,raw,guided:learned:statistical:signed_measure,joint,statistical,observed_reconstruction,transformer/guided:learned:statistical:signed_measure/vs_raw,whole_model_comparison,matched,raw_latent_guide_transformer_v1,raw_latent_guide_transformer_v1,2070817,854672,v10,m/s,24.0,True,1.2262179767563353,1.1882304894599205,-0.03798748729641477,-0.031969796797320926,-0.005867058236177947,
transformer,43,raw,guided:learned:statistical:signed_measure,joint,statistical,observed_reconstruction,transformer/guided:learned:statistical:signed_measure/vs_raw,whole_model_comparison,matched,raw_latent_guide_transformer_v1,raw_latent_guide_transformer_v1,2070817,854672,v10,m/s,48.0,True,1.80799129993331,1.7891643647261595,-0.01882693520715062,-0.010522753291049458,-0.004633820038993486,
transformer,43,raw,guided:learned:statistical:signed_measure,joint,statistical,observed_reconstruction,transformer/guided:learned:statistical:signed_measure/vs_raw,whole_model_comparison,matched,raw_latent_guide_transformer_v1,raw_latent_guide_transformer_v1,2070817,854672,v10,m/s,72.0,True,2.2030927881337936,2.204926594934712,0.0018338068009184916,0.0008316861001773646,0.0015394303328734038,
transformer,43,raw,guided:learned:statistical:signed_measure,joint,statistical,observed_reconstruction,transformer/guided:learned:statistical:signed_measure/vs_raw,whole_model_comparison,matched,raw_latent_guide_transformer_v1,raw_latent_guide_transformer_v1,2070817,854672,v10,m/s,96.0,True,2.4657474431488655,2.488391934349117,0.022644491200251693,0.009100050071563448,0.012863138844341426,
transformer,43,raw,guided:learned:statistical:signed_measure,joint,statistical,observed_reconstruction,transformer/guided:learned:statistical:signed_measure/vs_raw,whole_model_comparison,matched,raw_latent_guide_transformer_v1,raw_latent_guide_transformer_v1,2070817,854672,v10,m/s,120.0,True,2.640900936420318,2.6679036906187115,0.027002754198393486,0.010121337697962862,0.01903692147821795,
transformer,43,raw,guided:zero:statistical:signed_measure,joint,statistical,observed_reconstruction,transformer/guided:zero:statistical:signed_measure/vs_raw,whole_model_comparison,matched,raw_latent_guide_transformer_v1,raw_latent_guide_transformer_v1,2070817,854672,msl,Pa,24.0,True,222.19280125827507,209.5529692110419,-12.63983204723317,-0.060318076593338654,-0.006182408665416972,
transformer,43,raw,guided:zero:statistical:signed_measure,joint,statistical,observed_reconstruction,transformer/guided:zero:statistical:signed_measure/vs_raw,whole_model_comparison,matched,raw_latent_guide_transformer_v1,raw_latent_guide_transformer_v1,2070817,854672,msl,Pa,48.0,True,370.5626730376823,341.83337022971307,-28.729302807969248,-0.0840447577972363,-0.02641665441415386,
transformer,43,raw,guided:zero:statistical:signed_measure,joint,statistical,observed_reconstruction,transformer/guided:zero:statistical:signed_measure/vs_raw,whole_model_comparison,matched,raw_latent_guide_transformer_v1,raw_latent_guide_transformer_v1,2070817,854672,msl,Pa,72.0,True,468.1043180269849,437.77839740874265,-30.325920618242264,-0.06927230945552498,-0.039268884279749394,
transformer,43,raw,guided:zero:statistical:signed_measure,joint,statistical,observed_reconstruction,transformer/guided:zero:statistical:signed_measure/vs_raw,whole_model_comparison,matched,raw_latent_guide_transformer_v1,raw_latent_guide_transformer_v1,2070817,854672,msl,Pa,96.0,True,529.7390682259271,506.5289099950015,-23.210158230925572,-0.04582198127872816,-0.03919512265785563,
transformer,43,raw,guided:zero:statistical:signed_measure,joint,statistical,observed_reconstruction,transformer/guided:zero:statistical:signed_measure/vs_raw,whole_model_comparison,matched,raw_latent_guide_transformer_v1,raw_latent_guide_transformer_v1,2070817,854672,msl,Pa,120.0,True,570.6329063001745,555.3508394367836,-15.28206686339081,-0.0275178603833377,-0.031859454052937775,
transformer,43,raw,guided:zero:statistical:signed_measure,joint,statistical,observed_reconstruction,transformer/guided:zero:statistical:signed_measure/vs_raw,whole_model_comparison,matched,raw_latent_guide_transformer_v1,raw_latent_guide_transformer_v1,2070817,854672,t2m,K,24.0,True,0.7386335874686613,0.7253448374265652,-0.013288750042096065,-0.018320596434163505,-0.0005339070147586389,
transformer,43,raw,guided:zero:statistical:signed_measure,joint,statistical,observed_reconstruction,transformer/guided:zero:statistical:signed_measure/vs_raw,whole_model_comparison,matched,raw_latent_guide_transformer_v1,raw_latent_guide_transformer_v1,2070817,854672,t2m,K,48.0,True,1.1419692095666718,1.096272269060567,-0.04569694050610473,-0.04168393363198364,-0.0029492594885781598,
transformer,43,raw,guided:zero:statistical:signed_measure,joint,statistical,observed_reconstruction,transformer/guided:zero:statistical:signed_measure/vs_raw,whole_model_comparison,matched,raw_latent_guide_transformer_v1,raw_latent_guide_transformer_v1,2070817,854672,t2m,K,72.0,True,1.428501979707708,1.3647343128033818,-0.06376766690432634,-0.04672533423251979,-0.004888878919702244,
transformer,43,raw,guided:zero:statistical:signed_measure,joint,statistical,observed_reconstruction,transformer/guided:zero:statistical:signed_measure/vs_raw,whole_model_comparison,matched,raw_latent_guide_transformer_v1,raw_latent_guide_transformer_v1,2070817,854672,t2m,K,96.0,True,1.6353037248052142,1.5729778997333255,-0.062325825071888774,-0.039622823106704175,-0.005431637793203659,
transformer,43,raw,guided:zero:statistical:signed_measure,joint,statistical,observed_reconstruction,transformer/guided:zero:statistical:signed_measure/vs_raw,whole_model_comparison,matched,raw_latent_guide_transformer_v1,raw_latent_guide_transformer_v1,2070817,854672,t2m,K,120.0,True,1.7888382610610014,1.7300759905313308,-0.058762270529670646,-0.03396513843974214,-0.00561679694538475,
transformer,43,raw,guided:zero:statistical:signed_measure,joint,statistical,observed_reconstruction,transformer/guided:zero:statistical:signed_measure/vs_raw,whole_model_comparison,matched,raw_latent_guide_transformer_v1,raw_latent_guide_transformer_v1,2070817,854672,u10,m/s,24.0,True,1.167408574538156,1.1002569839283602,-0.0671515906097957,-0.06103264200154168,-0.009986058002464104,
transformer,43,raw,guided:zero:statistical:signed_measure,joint,statistical,observed_reconstruction,transformer/guided:zero:statistical:signed_measure/vs_raw,whole_model_comparison,matched,raw_latent_guide_transformer_v1,raw_latent_guide_transformer_v1,2070817,854672,u10,m/s,48.0,True,1.7917913917437205,1.684646399184569,-0.10714499255915144,-0.06360087945518633,-0.027600356432346707,
transformer,43,raw,guided:zero:statistical:signed_measure,joint,statistical,observed_reconstruction,transformer/guided:zero:statistical:signed_measure/vs_raw,whole_model_comparison,matched,raw_latent_guide_transformer_v1,raw_latent_guide_transformer_v1,2070817,854672,u10,m/s,72.0,True,2.1708591176783965,2.0639547999816528,-0.10690431769674369,-0.0517958618559351,-0.03861645523271928,
transformer,43,raw,guided:zero:statistical:signed_measure,joint,statistical,observed_reconstruction,transformer/guided:zero:statistical:signed_measure/vs_raw,whole_model_comparison,matched,raw_latent_guide_transformer_v1,raw_latent_guide_transformer_v1,2070817,854672,u10,m/s,96.0,True,2.391148807251244,2.3151184494696717,-0.07603035778157219,-0.0328408068273951,-0.035333119986535655,
transformer,43,raw,guided:zero:statistical:signed_measure,joint,statistical,observed_reconstruction,transformer/guided:zero:statistical:signed_measure/vs_raw,whole_model_comparison,matched,raw_latent_guide_transformer_v1,raw_latent_guide_transformer_v1,2070817,854672,u10,m/s,120.0,True,2.5294961062387,2.4801047870480404,-0.049391319190659644,-0.019915013046464036,-0.028035421877799394,
transformer,43,raw,guided:zero:statistical:signed_measure,joint,statistical,observed_reconstruction,transformer/guided:zero:statistical:signed_measure/vs_raw,whole_model_comparison,matched,raw_latent_guide_transformer_v1,raw_latent_guide_transformer_v1,2070817,854672,v10,m/s,24.0,True,1.2430894547824447,1.1882304894599205,-0.05485896532252421,-0.04616862284644707,-0.008451635499332255,
transformer,43,raw,guided:zero:statistical:signed_measure,joint,statistical,observed_reconstruction,transformer/guided:zero:statistical:signed_measure/vs_raw,whole_model_comparison,matched,raw_latent_guide_transformer_v1,raw_latent_guide_transformer_v1,2070817,854672,v10,m/s,48.0,True,1.9012238928463132,1.7891643647261595,-0.11205952812015374,-0.06263232731963386,-0.030288584559330478,
transformer,43,raw,guided:zero:statistical:signed_measure,joint,statistical,observed_reconstruction,transformer/guided:zero:statistical:signed_measure/vs_raw,whole_model_comparison,matched,raw_latent_guide_transformer_v1,raw_latent_guide_transformer_v1,2070817,854672,v10,m/s,72.0,True,2.320488597896602,2.204926594934712,-0.11556200296189001,-0.05241081640874845,-0.04637101746343153,
transformer,43,raw,guided:zero:statistical:signed_measure,joint,statistical,observed_reconstruction,transformer/guided:zero:statistical:signed_measure/vs_raw,whole_model_comparison,matched,raw_latent_guide_transformer_v1,raw_latent_guide_transformer_v1,2070817,854672,v10,m/s,96.0,True,2.5668021117900834,2.488391934349117,-0.07841017744096623,-0.031510380804009364,-0.04227196837684344,
transformer,43,raw,guided:zero:statistical:signed_measure,joint,statistical,observed_reconstruction,transformer/guided:zero:statistical:signed_measure/vs_raw,whole_model_comparison,matched,raw_latent_guide_transformer_v1,raw_latent_guide_transformer_v1,2070817,854672,v10,m/s,120.0,True,2.705250975859955,2.6679036906187115,-0.03734728524124353,-0.013998738175058367,-0.0266197857142651,
