model,bridge,anchor,seed,representation,prediction_space,training_mode,regularization,initialization,representation_training,representation_sha256,latent_layout,guide_mode,guide_contract,latent_shape,implementation,predictor_provenance,raw_backend,objective_weights,constraint_pair,constraint_path,constraint_decoder,constraint_contract,pinn_config,statistical_loss,statistical_loss_config,statistical_flow_config,conditional_flow_config,split_objective_weights,forecast_parameters,constraint_parameters,normalized_rmse,wind_speed_rmse_mps,finite_forecast_fraction,trainable_parameters,total_parameters,inference_seconds,training_seconds,conditioning,candidate_arm
transformer,raw,none,7,raw,field,joint,none,fresh,none,,,,null,,raw_latent_guide_transformer_v1,"{'family': 'transformer', 'implementation': 'raw_latent_guide_transformer_v1', 'implementation_variant': 'raw_statistical_guide_joint_attention_v1', 'history_steps': 6, 'history_dt_hours': 24, 'hidden_dim': 128, 'depth': 4, 'patch_size': 2, 'num_heads': 4, 'uncertainty': 'deterministic', 'prediction_mode': 'direct_per_lead', 'reference_equivalence': 'local Transformer, not a published weather-model reproduction'}",matched,"{""distribution"": 0.0, ""information"": 0.0, ""physics"": 0.0, ""pinn"": 0.0, ""reconstruction"": 0.0, ""static"": 0.0}",,,,null,null,,null,null,null,null,854672,0,0.6001044972915064,1.9657421688806664,1.0,854672,854672,2.7211926547752228,625.7918290870002,"{""climode_static_constants"": false, ""direct_origin_information"": true, ""manifold_origin_information"": false, ""observed_information_available"": true}",raw
transformer,latent,none,7,climate_manifold,latent,joint,full,fresh,jointly_trained,fac654e0f1e769ce7720c93f4a1171f24eef7ef333c52a21d81109ed828147bf,spatial,,null,"[32, 8, 16]",raw_latent_guide_transformer_v1,"{'family': 'transformer', 'implementation': 'raw_latent_guide_transformer_v1', 'implementation_variant': 'raw_statistical_guide_joint_attention_v1', 'history_steps': 6, 'history_dt_hours': 24, 'hidden_dim': 128, 'depth': 4, 'patch_size': 2, 'num_heads': 4, 'uncertainty': 'deterministic', 'prediction_mode': 'direct_per_lead', 'reference_equivalence': 'local Transformer, not a published weather-model reproduction'}",,"{""distribution"": 0.1, ""information"": 0.0, ""physics"": 0.0, ""pinn"": 0.0, ""reconstruction"": 0.1, ""static"": 0.0}",statistical,observed_reconstruction,separate_surface_and_information,"{""decoder"": ""separate_surface_and_information"", ""forecast_decoder_in_constraints"": false, ""groups"": [""statistical""], ""observed_pair"": ""origin-24h,origin"", ""pair"": ""statistical"", ""pinn_tendency_supervision"": false, ""reconstruction"": ""mean of independent surface and dynamic-information pointwise reconstruction"", ""separate_reconstruction_decoder"": true, ""surface_decoder_in_constraints"": true, ""version"": ""climate_manifold.reconstruction_constraints.v3""}",null,signed_measure,"{""epsilon"": 1e-06, ""estimator"": ""area_weighted_signed_spatial_js_and_mass_v1"", ""kind"": ""signed_measure"", ""mass_weight"": 1.0, ""spatial_weight"": 1.0, ""zero_reference"": ""normalized_field_zero""}",null,null,"{""pinn"": 0.0, ""reconstruction"": 0.1, ""static"": 0.0, ""statistical"": 0.1}",1568068,515021,0.6072387419692763,1.9663844035250282,1.0,2083089,2083089,7.623662631580373,2027.9563257160044,"{""climode_static_constants"": false, ""direct_origin_information"": false, ""manifold_origin_information"": true, ""observed_information_available"": true}",statistical:signed_measure
transformer,guided,none,7,climate_manifold,field,joint,full,fresh,jointly_trained,b95b9651a649f4ad85a583e8d79b0d90bda17a4f35f9ea0325490eaab291dee7,spatial,learned,"{""forecast_decoder_used"": false, ""forecast_gradient_to_encoder"": true, ""forecast_output"": ""physical_fields"", ""fusion"": ""joint_raw_guide_token_self_attention"", ""guide_input"": ""observed_history_encoded_with_origin_information"", ""mode"": ""learned"", ""raw_input"": true, ""stochastic_sampling"": false, ""version"": ""climate_manifold.statistical_guide.v1""}","[32, 8, 16]",raw_latent_guide_transformer_v1,"{'family': 'transformer', 'implementation': 'raw_latent_guide_transformer_v1', 'implementation_variant': 'raw_statistical_guide_joint_attention_v1', 'history_steps': 6, 'history_dt_hours': 24, 'hidden_dim': 128, 'depth': 4, 'patch_size': 2, 'num_heads': 4, 'uncertainty': 'deterministic', 'prediction_mode': 'direct_per_lead', 'reference_equivalence': 'local Transformer, not a published weather-model reproduction'}",,"{""distribution"": 0.1, ""information"": 0.0, ""physics"": 0.0, ""pinn"": 0.0, ""reconstruction"": 0.1, ""static"": 0.0}",statistical,observed_reconstruction,separate_surface_and_information,"{""decoder"": ""separate_surface_and_information"", ""forecast_decoder_in_constraints"": false, ""groups"": [""statistical""], ""observed_pair"": ""origin-24h,origin"", ""pair"": ""statistical"", ""pinn_tendency_supervision"": false, ""reconstruction"": ""mean of independent surface and dynamic-information pointwise reconstruction"", ""separate_reconstruction_decoder"": true, ""surface_decoder_in_constraints"": true, ""version"": ""climate_manifold.reconstruction_constraints.v3""}",null,signed_measure,"{""epsilon"": 1e-06, ""estimator"": ""area_weighted_signed_spatial_js_and_mass_v1"", ""kind"": ""signed_measure"", ""mass_weight"": 1.0, ""spatial_weight"": 1.0, ""zero_reference"": ""normalized_field_zero""}",null,null,"{""pinn"": 0.0, ""reconstruction"": 0.1, ""static"": 0.0, ""statistical"": 0.1}",1397328,515021,0.5925899940064215,1.9477874324749078,1.0,1912349,2070817,6.581176091116504,2225.8518430440017,"{""climode_static_constants"": false, ""direct_origin_information"": false, ""manifold_origin_information"": true, ""observed_information_available"": true}",guided:learned:statistical:signed_measure
transformer,guided,none,7,climate_manifold,field,joint,full,fresh,jointly_trained,7b1c8ada63ad17e90d0bb9ca0d6d2f06bfaf9b7cb95c8d39807cf1c22effe753,spatial,zero,"{""forecast_decoder_used"": false, ""forecast_gradient_to_encoder"": false, ""forecast_output"": ""physical_fields"", ""fusion"": ""joint_raw_guide_token_self_attention"", ""guide_input"": ""observed_history_encoded_with_origin_information"", ""mode"": ""zero"", ""raw_input"": true, ""stochastic_sampling"": false, ""version"": ""climate_manifold.statistical_guide.v1""}","[32, 8, 16]",raw_latent_guide_transformer_v1,"{'family': 'transformer', 'implementation': 'raw_latent_guide_transformer_v1', 'implementation_variant': 'raw_statistical_guide_joint_attention_v1', 'history_steps': 6, 'history_dt_hours': 24, 'hidden_dim': 128, 'depth': 4, 'patch_size': 2, 'num_heads': 4, 'uncertainty': 'deterministic', 'prediction_mode': 'direct_per_lead', 'reference_equivalence': 'local Transformer, not a published weather-model reproduction'}",,"{""distribution"": 0.1, ""information"": 0.0, ""physics"": 0.0, ""pinn"": 0.0, ""reconstruction"": 0.1, ""static"": 0.0}",statistical,observed_reconstruction,separate_surface_and_information,"{""decoder"": ""separate_surface_and_information"", ""forecast_decoder_in_constraints"": false, ""groups"": [""statistical""], ""observed_pair"": ""origin-24h,origin"", ""pair"": ""statistical"", ""pinn_tendency_supervision"": false, ""reconstruction"": ""mean of independent surface and dynamic-information pointwise reconstruction"", ""separate_reconstruction_decoder"": true, ""surface_decoder_in_constraints"": true, ""version"": ""climate_manifold.reconstruction_constraints.v3""}",null,signed_measure,"{""epsilon"": 1e-06, ""estimator"": ""area_weighted_signed_spatial_js_and_mass_v1"", ""kind"": ""signed_measure"", ""mass_weight"": 1.0, ""spatial_weight"": 1.0, ""zero_reference"": ""normalized_field_zero""}",null,null,"{""pinn"": 0.0, ""reconstruction"": 0.1, ""static"": 0.0, ""statistical"": 0.1}",1397328,515021,0.6131825600643165,2.028916265526213,1.0,1912349,2070817,5.8978893988532946,509.4115624019905,"{""climode_static_constants"": false, ""direct_origin_information"": false, ""manifold_origin_information"": true, ""observed_information_available"": true}",guided:zero:statistical:signed_measure
transformer,raw,none,19,raw,field,joint,none,fresh,none,,,,null,,raw_latent_guide_transformer_v1,"{'family': 'transformer', 'implementation': 'raw_latent_guide_transformer_v1', 'implementation_variant': 'raw_statistical_guide_joint_attention_v1', 'history_steps': 6, 'history_dt_hours': 24, 'hidden_dim': 128, 'depth': 4, 'patch_size': 2, 'num_heads': 4, 'uncertainty': 'deterministic', 'prediction_mode': 'direct_per_lead', 'reference_equivalence': 'local Transformer, not a published weather-model reproduction'}",matched,"{""distribution"": 0.0, ""information"": 0.0, ""physics"": 0.0, ""pinn"": 0.0, ""reconstruction"": 0.0, ""static"": 0.0}",,,,null,null,,null,null,null,null,854672,0,0.6009877111368191,1.9764160423216366,1.0,854672,854672,2.495079060550779,230.31978904499556,"{""climode_static_constants"": false, ""direct_origin_information"": true, ""manifold_origin_information"": false, ""observed_information_available"": true}",raw
transformer,latent,none,19,climate_manifold,latent,joint,full,fresh,jointly_trained,318fbc9ab7ff35879adbd41e3d1b09c16fb9d333c82f7c7725b04b066bc0385e,spatial,,null,"[32, 8, 16]",raw_latent_guide_transformer_v1,"{'family': 'transformer', 'implementation': 'raw_latent_guide_transformer_v1', 'implementation_variant': 'raw_statistical_guide_joint_attention_v1', 'history_steps': 6, 'history_dt_hours': 24, 'hidden_dim': 128, 'depth': 4, 'patch_size': 2, 'num_heads': 4, 'uncertainty': 'deterministic', 'prediction_mode': 'direct_per_lead', 'reference_equivalence': 'local Transformer, not a published weather-model reproduction'}",,"{""distribution"": 0.1, ""information"": 0.0, ""physics"": 0.0, ""pinn"": 0.0, ""reconstruction"": 0.1, ""static"": 0.0}",statistical,observed_reconstruction,separate_surface_and_information,"{""decoder"": ""separate_surface_and_information"", ""forecast_decoder_in_constraints"": false, ""groups"": [""statistical""], ""observed_pair"": ""origin-24h,origin"", ""pair"": ""statistical"", ""pinn_tendency_supervision"": false, ""reconstruction"": ""mean of independent surface and dynamic-information pointwise reconstruction"", ""separate_reconstruction_decoder"": true, ""surface_decoder_in_constraints"": true, ""version"": ""climate_manifold.reconstruction_constraints.v3""}",null,signed_measure,"{""epsilon"": 1e-06, ""estimator"": ""area_weighted_signed_spatial_js_and_mass_v1"", ""kind"": ""signed_measure"", ""mass_weight"": 1.0, ""spatial_weight"": 1.0, ""zero_reference"": ""normalized_field_zero""}",null,null,"{""pinn"": 0.0, ""reconstruction"": 0.1, ""static"": 0.0, ""statistical"": 0.1}",1568068,515021,0.608592064115521,1.9798850699880335,1.0,2083089,2083089,7.030539765735739,525.0303742249962,"{""climode_static_constants"": false, ""direct_origin_information"": false, ""manifold_origin_information"": true, ""observed_information_available"": true}",statistical:signed_measure
transformer,guided,none,19,climate_manifold,field,joint,full,fresh,jointly_trained,1eaa5b97fec263954b896eb5300a93810963a9e633e80210efb9da443313381c,spatial,learned,"{""forecast_decoder_used"": false, ""forecast_gradient_to_encoder"": true, ""forecast_output"": ""physical_fields"", ""fusion"": ""joint_raw_guide_token_self_attention"", ""guide_input"": ""observed_history_encoded_with_origin_information"", ""mode"": ""learned"", ""raw_input"": true, ""stochastic_sampling"": false, ""version"": ""climate_manifold.statistical_guide.v1""}","[32, 8, 16]",raw_latent_guide_transformer_v1,"{'family': 'transformer', 'implementation': 'raw_latent_guide_transformer_v1', 'implementation_variant': 'raw_statistical_guide_joint_attention_v1', 'history_steps': 6, 'history_dt_hours': 24, 'hidden_dim': 128, 'depth': 4, 'patch_size': 2, 'num_heads': 4, 'uncertainty': 'deterministic', 'prediction_mode': 'direct_per_lead', 'reference_equivalence': 'local Transformer, not a published weather-model reproduction'}",,"{""distribution"": 0.1, ""information"": 0.0, ""physics"": 0.0, ""pinn"": 0.0, ""reconstruction"": 0.1, ""static"": 0.0}",statistical,observed_reconstruction,separate_surface_and_information,"{""decoder"": ""separate_surface_and_information"", ""forecast_decoder_in_constraints"": false, ""groups"": [""statistical""], ""observed_pair"": ""origin-24h,origin"", ""pair"": ""statistical"", ""pinn_tendency_supervision"": false, ""reconstruction"": ""mean of independent surface and dynamic-information pointwise reconstruction"", ""separate_reconstruction_decoder"": true, ""surface_decoder_in_constraints"": true, ""version"": ""climate_manifold.reconstruction_constraints.v3""}",null,signed_measure,"{""epsilon"": 1e-06, ""estimator"": ""area_weighted_signed_spatial_js_and_mass_v1"", ""kind"": ""signed_measure"", ""mass_weight"": 1.0, ""spatial_weight"": 1.0, ""zero_reference"": ""normalized_field_zero""}",null,null,"{""pinn"": 0.0, ""reconstruction"": 0.1, ""static"": 0.0, ""statistical"": 0.1}",1397328,515021,0.5925833091245136,1.9546239615496555,1.0,1912349,2070817,5.660121079607052,609.7567533349938,"{""climode_static_constants"": false, ""direct_origin_information"": false, ""manifold_origin_information"": true, ""observed_information_available"": true}",guided:learned:statistical:signed_measure
transformer,guided,none,19,climate_manifold,field,joint,full,fresh,jointly_trained,df622a48367da52e1909dd19f36c6e94b042b4cf19810ab11a35082990ee696f,spatial,zero,"{""forecast_decoder_used"": false, ""forecast_gradient_to_encoder"": false, ""forecast_output"": ""physical_fields"", ""fusion"": ""joint_raw_guide_token_self_attention"", ""guide_input"": ""observed_history_encoded_with_origin_information"", ""mode"": ""zero"", ""raw_input"": true, ""stochastic_sampling"": false, ""version"": ""climate_manifold.statistical_guide.v1""}","[32, 8, 16]",raw_latent_guide_transformer_v1,"{'family': 'transformer', 'implementation': 'raw_latent_guide_transformer_v1', 'implementation_variant': 'raw_statistical_guide_joint_attention_v1', 'history_steps': 6, 'history_dt_hours': 24, 'hidden_dim': 128, 'depth': 4, 'patch_size': 2, 'num_heads': 4, 'uncertainty': 'deterministic', 'prediction_mode': 'direct_per_lead', 'reference_equivalence': 'local Transformer, not a published weather-model reproduction'}",,"{""distribution"": 0.1, ""information"": 0.0, ""physics"": 0.0, ""pinn"": 0.0, ""reconstruction"": 0.1, ""static"": 0.0}",statistical,observed_reconstruction,separate_surface_and_information,"{""decoder"": ""separate_surface_and_information"", ""forecast_decoder_in_constraints"": false, ""groups"": [""statistical""], ""observed_pair"": ""origin-24h,origin"", ""pair"": ""statistical"", ""pinn_tendency_supervision"": false, ""reconstruction"": ""mean of independent surface and dynamic-information pointwise reconstruction"", ""separate_reconstruction_decoder"": true, ""surface_decoder_in_constraints"": true, ""version"": ""climate_manifold.reconstruction_constraints.v3""}",null,signed_measure,"{""epsilon"": 1e-06, ""estimator"": ""area_weighted_signed_spatial_js_and_mass_v1"", ""kind"": ""signed_measure"", ""mass_weight"": 1.0, ""spatial_weight"": 1.0, ""zero_reference"": ""normalized_field_zero""}",null,null,"{""pinn"": 0.0, ""reconstruction"": 0.1, ""static"": 0.0, ""statistical"": 0.1}",1397328,515021,0.6202048682336571,2.061069517794155,1.0,1912349,2070817,5.428246470037266,517.8952227050031,"{""climode_static_constants"": false, ""direct_origin_information"": false, ""manifold_origin_information"": true, ""observed_information_available"": true}",guided:zero:statistical:signed_measure
transformer,raw,none,43,raw,field,joint,none,fresh,none,,,,null,,raw_latent_guide_transformer_v1,"{'family': 'transformer', 'implementation': 'raw_latent_guide_transformer_v1', 'implementation_variant': 'raw_statistical_guide_joint_attention_v1', 'history_steps': 6, 'history_dt_hours': 24, 'hidden_dim': 128, 'depth': 4, 'patch_size': 2, 'num_heads': 4, 'uncertainty': 'deterministic', 'prediction_mode': 'direct_per_lead', 'reference_equivalence': 'local Transformer, not a published weather-model reproduction'}",matched,"{""distribution"": 0.0, ""information"": 0.0, ""physics"": 0.0, ""pinn"": 0.0, ""reconstruction"": 0.0, ""static"": 0.0}",,,,null,null,,null,null,null,null,854672,0,0.5898257794387639,1.9084541103204544,1.0,854672,854672,2.4006445070699556,230.60954713600222,"{""climode_static_constants"": false, ""direct_origin_information"": true, ""manifold_origin_information"": false, ""observed_information_available"": true}",raw
transformer,latent,none,43,climate_manifold,latent,joint,full,fresh,jointly_trained,2d489555d8950dceebdf33e49e826bce6a6161678c2c37426be3d5c195a694e1,spatial,,null,"[32, 8, 16]",raw_latent_guide_transformer_v1,"{'family': 'transformer', 'implementation': 'raw_latent_guide_transformer_v1', 'implementation_variant': 'raw_statistical_guide_joint_attention_v1', 'history_steps': 6, 'history_dt_hours': 24, 'hidden_dim': 128, 'depth': 4, 'patch_size': 2, 'num_heads': 4, 'uncertainty': 'deterministic', 'prediction_mode': 'direct_per_lead', 'reference_equivalence': 'local Transformer, not a published weather-model reproduction'}",,"{""distribution"": 0.1, ""information"": 0.0, ""physics"": 0.0, ""pinn"": 0.0, ""reconstruction"": 0.1, ""static"": 0.0}",statistical,observed_reconstruction,separate_surface_and_information,"{""decoder"": ""separate_surface_and_information"", ""forecast_decoder_in_constraints"": false, ""groups"": [""statistical""], ""observed_pair"": ""origin-24h,origin"", ""pair"": ""statistical"", ""pinn_tendency_supervision"": false, ""reconstruction"": ""mean of independent surface and dynamic-information pointwise reconstruction"", ""separate_reconstruction_decoder"": true, ""surface_decoder_in_constraints"": true, ""version"": ""climate_manifold.reconstruction_constraints.v3""}",null,signed_measure,"{""epsilon"": 1e-06, ""estimator"": ""area_weighted_signed_spatial_js_and_mass_v1"", ""kind"": ""signed_measure"", ""mass_weight"": 1.0, ""spatial_weight"": 1.0, ""zero_reference"": ""normalized_field_zero""}",null,null,"{""pinn"": 0.0, ""reconstruction"": 0.1, ""static"": 0.0, ""statistical"": 0.1}",1568068,515021,0.6060388333765662,1.9645144721996266,1.0,2083089,2083089,7.592748470793595,511.00244027900044,"{""climode_static_constants"": false, ""direct_origin_information"": false, ""manifold_origin_information"": true, ""observed_information_available"": true}",statistical:signed_measure
transformer,guided,none,43,climate_manifold,field,joint,full,fresh,jointly_trained,20896681826a72a9734ac5f38b1eaff168d44ec6aeb3c32f3c8f902d1c90b7f2,spatial,learned,"{""forecast_decoder_used"": false, ""forecast_gradient_to_encoder"": true, ""forecast_output"": ""physical_fields"", ""fusion"": ""joint_raw_guide_token_self_attention"", ""guide_input"": ""observed_history_encoded_with_origin_information"", ""mode"": ""learned"", ""raw_input"": true, ""stochastic_sampling"": false, ""version"": ""climate_manifold.statistical_guide.v1""}","[32, 8, 16]",raw_latent_guide_transformer_v1,"{'family': 'transformer', 'implementation': 'raw_latent_guide_transformer_v1', 'implementation_variant': 'raw_statistical_guide_joint_attention_v1', 'history_steps': 6, 'history_dt_hours': 24, 'hidden_dim': 128, 'depth': 4, 'patch_size': 2, 'num_heads': 4, 'uncertainty': 'deterministic', 'prediction_mode': 'direct_per_lead', 'reference_equivalence': 'local Transformer, not a published weather-model reproduction'}",,"{""distribution"": 0.1, ""information"": 0.0, ""physics"": 0.0, ""pinn"": 0.0, ""reconstruction"": 0.1, ""static"": 0.0}",statistical,observed_reconstruction,separate_surface_and_information,"{""decoder"": ""separate_surface_and_information"", ""forecast_decoder_in_constraints"": false, ""groups"": [""statistical""], ""observed_pair"": ""origin-24h,origin"", ""pair"": ""statistical"", ""pinn_tendency_supervision"": false, ""reconstruction"": ""mean of independent surface and dynamic-information pointwise reconstruction"", ""separate_reconstruction_decoder"": true, ""surface_decoder_in_constraints"": true, ""version"": ""climate_manifold.reconstruction_constraints.v3""}",null,signed_measure,"{""epsilon"": 1e-06, ""estimator"": ""area_weighted_signed_spatial_js_and_mass_v1"", ""kind"": ""signed_measure"", ""mass_weight"": 1.0, ""spatial_weight"": 1.0, ""zero_reference"": ""normalized_field_zero""}",null,null,"{""pinn"": 0.0, ""reconstruction"": 0.1, ""static"": 0.0, ""statistical"": 0.1}",1397328,515021,0.5889801590840795,1.9248871726919157,1.0,1912349,2070817,5.299827453985927,593.1387919109984,"{""climode_static_constants"": false, ""direct_origin_information"": false, ""manifold_origin_information"": true, ""observed_information_available"": true}",guided:learned:statistical:signed_measure
transformer,guided,none,43,climate_manifold,field,joint,full,fresh,jointly_trained,f849eac4e529ed02e3f130db23081b7a30318792969e97f71713dbe5cf4e169b,spatial,zero,"{""forecast_decoder_used"": false, ""forecast_gradient_to_encoder"": false, ""forecast_output"": ""physical_fields"", ""fusion"": ""joint_raw_guide_token_self_attention"", ""guide_input"": ""observed_history_encoded_with_origin_information"", ""mode"": ""zero"", ""raw_input"": true, ""stochastic_sampling"": false, ""version"": ""climate_manifold.statistical_guide.v1""}","[32, 8, 16]",raw_latent_guide_transformer_v1,"{'family': 'transformer', 'implementation': 'raw_latent_guide_transformer_v1', 'implementation_variant': 'raw_statistical_guide_joint_attention_v1', 'history_steps': 6, 'history_dt_hours': 24, 'hidden_dim': 128, 'depth': 4, 'patch_size': 2, 'num_heads': 4, 'uncertainty': 'deterministic', 'prediction_mode': 'direct_per_lead', 'reference_equivalence': 'local Transformer, not a published weather-model reproduction'}",,"{""distribution"": 0.1, ""information"": 0.0, ""physics"": 0.0, ""pinn"": 0.0, ""reconstruction"": 0.1, ""static"": 0.0}",statistical,observed_reconstruction,separate_surface_and_information,"{""decoder"": ""separate_surface_and_information"", ""forecast_decoder_in_constraints"": false, ""groups"": [""statistical""], ""observed_pair"": ""origin-24h,origin"", ""pair"": ""statistical"", ""pinn_tendency_supervision"": false, ""reconstruction"": ""mean of independent surface and dynamic-information pointwise reconstruction"", ""separate_reconstruction_decoder"": true, ""surface_decoder_in_constraints"": true, ""version"": ""climate_manifold.reconstruction_constraints.v3""}",null,signed_measure,"{""epsilon"": 1e-06, ""estimator"": ""area_weighted_signed_spatial_js_and_mass_v1"", ""kind"": ""signed_measure"", ""mass_weight"": 1.0, ""spatial_weight"": 1.0, ""zero_reference"": ""normalized_field_zero""}",null,null,"{""pinn"": 0.0, ""reconstruction"": 0.1, ""static"": 0.0, ""statistical"": 0.1}",1397328,515021,0.6112797674622041,1.9936689462329704,1.0,1912349,2070817,5.3215598175884224,509.2831570339913,"{""climode_static_constants"": false, ""direct_origin_information"": false, ""manifold_origin_information"": true, ""observed_information_available"": true}",guided:zero:statistical:signed_measure
