model,seed,control,candidate_arm,training_mode,pair_key,interpretation,baseline_bridge,candidate_bridge,baseline_parameters,candidate_parameters,variable,units,lead_hours,ranking_allowed,model_rmse,rmse_reduction,acc_difference,baseline_rmse,rmse_skill_vs_baseline,crps_skill_vs_baseline
transformer,7,statistical:signed_measure,guided:zero:statistical:signed_measure,joint,transformer/guided:zero:statistical:signed_measure/vs_statistical:signed_measure,forecasting_route_and_capacity,latent,guided,2083089,2070817,msl,Pa,24.0,True,226.60082624078913,-1.7089382884188922,-0.0014617980323129443,224.89188795237024,-0.00759893255367583,
transformer,7,statistical:signed_measure,guided:zero:statistical:signed_measure,joint,transformer/guided:zero:statistical:signed_measure/vs_statistical:signed_measure,forecasting_route_and_capacity,latent,guided,2083089,2070817,msl,Pa,48.0,True,373.9432064286836,-15.697825530004764,-0.014783138484447567,358.24538089867883,-0.04381864042636319,
transformer,7,statistical:signed_measure,guided:zero:statistical:signed_measure,joint,transformer/guided:zero:statistical:signed_measure/vs_statistical:signed_measure,forecasting_route_and_capacity,latent,guided,2083089,2070817,msl,Pa,72.0,True,472.2762045235258,-14.00678639997551,-0.01725093214048068,458.2694181235503,-0.030564523500888008,
transformer,7,statistical:signed_measure,guided:zero:statistical:signed_measure,joint,transformer/guided:zero:statistical:signed_measure/vs_statistical:signed_measure,forecasting_route_and_capacity,latent,guided,2083089,2070817,msl,Pa,96.0,True,533.8585885880759,-7.785597921508042,-0.013084237593027681,526.0729906665679,-0.014799463305734895,
transformer,7,statistical:signed_measure,guided:zero:statistical:signed_measure,joint,transformer/guided:zero:statistical:signed_measure/vs_statistical:signed_measure,forecasting_route_and_capacity,latent,guided,2083089,2070817,msl,Pa,120.0,True,574.0671855328842,-4.9565341690968125,-0.009528430148894929,569.1106513637874,-0.008709262701759757,
transformer,7,statistical:signed_measure,guided:zero:statistical:signed_measure,joint,transformer/guided:zero:statistical:signed_measure/vs_statistical:signed_measure,forecasting_route_and_capacity,latent,guided,2083089,2070817,t2m,K,24.0,True,0.7482390529372777,0.08426491131008107,0.0036328251910856535,0.8325039642473587,0.10121863069596593,
transformer,7,statistical:signed_measure,guided:zero:statistical:signed_measure,joint,transformer/guided:zero:statistical:signed_measure/vs_statistical:signed_measure,forecasting_route_and_capacity,latent,guided,2083089,2070817,t2m,K,48.0,True,1.1424855774448994,0.007681520385799834,0.0003110910856868321,1.1501670978306993,0.006678612525334637,
transformer,7,statistical:signed_measure,guided:zero:statistical:signed_measure,joint,transformer/guided:zero:statistical:signed_measure/vs_statistical:signed_measure,forecasting_route_and_capacity,latent,guided,2083089,2070817,t2m,K,72.0,True,1.4213331482606932,0.0014272258169880647,-0.0003392249129231528,1.4227603740776813,0.0010031385769464496,
transformer,7,statistical:signed_measure,guided:zero:statistical:signed_measure,joint,transformer/guided:zero:statistical:signed_measure/vs_statistical:signed_measure,forecasting_route_and_capacity,latent,guided,2083089,2070817,t2m,K,96.0,True,1.6215584621902701,0.007002724763382817,0.0004018849525119217,1.628561186953653,0.004299945755481205,
transformer,7,statistical:signed_measure,guided:zero:statistical:signed_measure,joint,transformer/guided:zero:statistical:signed_measure/vs_statistical:signed_measure,forecasting_route_and_capacity,latent,guided,2083089,2070817,t2m,K,120.0,True,1.769591937456931,0.0028016180147487635,0.0006952949039640277,1.7723935554716799,0.0015806974732557322,
transformer,7,statistical:signed_measure,guided:zero:statistical:signed_measure,joint,transformer/guided:zero:statistical:signed_measure/vs_statistical:signed_measure,forecasting_route_and_capacity,latent,guided,2083089,2070817,u10,m/s,24.0,True,1.166527514326989,-0.008109842840501091,-0.0012935898380587174,1.158417671486488,-0.0070007934444702435,
transformer,7,statistical:signed_measure,guided:zero:statistical:signed_measure,joint,transformer/guided:zero:statistical:signed_measure/vs_statistical:signed_measure,forecasting_route_and_capacity,latent,guided,2083089,2070817,u10,m/s,48.0,True,1.7976163024393896,-0.07973825527070111,-0.019965061547123297,1.7178780471686885,-0.04641671473834896,
transformer,7,statistical:signed_measure,guided:zero:statistical:signed_measure,joint,transformer/guided:zero:statistical:signed_measure/vs_statistical:signed_measure,forecasting_route_and_capacity,latent,guided,2083089,2070817,u10,m/s,72.0,True,2.1825309356607367,-0.06670263471493065,-0.023970740119224843,2.115828300945806,-0.03152554235384497,
transformer,7,statistical:signed_measure,guided:zero:statistical:signed_measure,joint,transformer/guided:zero:statistical:signed_measure/vs_statistical:signed_measure,forecasting_route_and_capacity,latent,guided,2083089,2070817,u10,m/s,96.0,True,2.406647260274992,-0.03601952314185919,-0.018764509397075968,2.370627737133133,-0.015194086603162127,
transformer,7,statistical:signed_measure,guided:zero:statistical:signed_measure,joint,transformer/guided:zero:statistical:signed_measure/vs_statistical:signed_measure,forecasting_route_and_capacity,latent,guided,2083089,2070817,u10,m/s,120.0,True,2.5475663485980196,-0.027790505140036892,-0.015741425908466278,2.5197758434579827,-0.011028959267225469,
transformer,7,statistical:signed_measure,guided:zero:statistical:signed_measure,joint,transformer/guided:zero:statistical:signed_measure/vs_statistical:signed_measure,forecasting_route_and_capacity,latent,guided,2083089,2070817,v10,m/s,24.0,True,1.2556948873600309,-0.032340433786606226,-0.005211947857551413,1.2233544535734246,-0.026435865494370603,
transformer,7,statistical:signed_measure,guided:zero:statistical:signed_measure,joint,transformer/guided:zero:statistical:signed_measure/vs_statistical:signed_measure,forecasting_route_and_capacity,latent,guided,2083089,2070817,v10,m/s,48.0,True,1.915431009162988,-0.08282102551886661,-0.022495241969143653,1.8326099836441214,-0.04519293589909301,
transformer,7,statistical:signed_measure,guided:zero:statistical:signed_measure,joint,transformer/guided:zero:statistical:signed_measure/vs_statistical:signed_measure,forecasting_route_and_capacity,latent,guided,2083089,2070817,v10,m/s,72.0,True,2.329951175927081,-0.06669630233604984,-0.026883198125360885,2.263254873591031,-0.029469196383624663,
transformer,7,statistical:signed_measure,guided:zero:statistical:signed_measure,joint,transformer/guided:zero:statistical:signed_measure/vs_statistical:signed_measure,forecasting_route_and_capacity,latent,guided,2083089,2070817,v10,m/s,96.0,True,2.570979808579347,-0.03535487890974265,-0.021092780875415773,2.5356249296696043,-0.013943260494110099,
transformer,7,statistical:signed_measure,guided:zero:statistical:signed_measure,joint,transformer/guided:zero:statistical:signed_measure/vs_statistical:signed_measure,forecasting_route_and_capacity,latent,guided,2083089,2070817,v10,m/s,120.0,True,2.7153916513130083,-0.027939302206701377,-0.01792495411342454,2.687452349106307,-0.01039620375631678,
transformer,7,statistical:signed_measure,guided:learned:statistical:signed_measure,joint,transformer/guided:learned:statistical:signed_measure/vs_statistical:signed_measure,forecasting_route_and_capacity,latent,guided,2083089,2070817,msl,Pa,24.0,True,215.2746432333081,9.617244719062143,0.004250980122532666,224.89188795237024,0.04276385781019798,
transformer,7,statistical:signed_measure,guided:learned:statistical:signed_measure,joint,transformer/guided:learned:statistical:signed_measure/vs_statistical:signed_measure,forecasting_route_and_capacity,latent,guided,2083089,2070817,msl,Pa,48.0,True,344.48643886529953,13.758942033379299,0.012150035212184163,358.24538089867883,0.03840647435247935,
transformer,7,statistical:signed_measure,guided:learned:statistical:signed_measure,joint,transformer/guided:learned:statistical:signed_measure/vs_statistical:signed_measure,forecasting_route_and_capacity,latent,guided,2083089,2070817,msl,Pa,72.0,True,439.3743992639753,18.895018859574975,0.02556915311320651,458.2694181235503,0.04123124544715062,
transformer,7,statistical:signed_measure,guided:learned:statistical:signed_measure,joint,transformer/guided:learned:statistical:signed_measure/vs_statistical:signed_measure,forecasting_route_and_capacity,latent,guided,2083089,2070817,msl,Pa,96.0,True,507.9162560145818,18.156734651986085,0.03154247373790686,526.0729906665679,0.03451371762876543,
transformer,7,statistical:signed_measure,guided:learned:statistical:signed_measure,joint,transformer/guided:learned:statistical:signed_measure/vs_statistical:signed_measure,forecasting_route_and_capacity,latent,guided,2083089,2070817,msl,Pa,120.0,True,556.4905875315936,12.62006383219375,0.028429471424597508,569.1106513637874,0.022175061742302105,
transformer,7,statistical:signed_measure,guided:learned:statistical:signed_measure,joint,transformer/guided:learned:statistical:signed_measure/vs_statistical:signed_measure,forecasting_route_and_capacity,latent,guided,2083089,2070817,t2m,K,24.0,True,0.7454397638683142,0.0870642003790445,0.00366961562016066,0.8325039642473587,0.10458112407639597,
transformer,7,statistical:signed_measure,guided:learned:statistical:signed_measure,joint,transformer/guided:learned:statistical:signed_measure/vs_statistical:signed_measure,forecasting_route_and_capacity,latent,guided,2083089,2070817,t2m,K,48.0,True,1.1188901367513377,0.03127696107936151,0.0016518932123849028,1.1501670978306993,0.027193406191458824,
transformer,7,statistical:signed_measure,guided:learned:statistical:signed_measure,joint,transformer/guided:learned:statistical:signed_measure/vs_statistical:signed_measure,forecasting_route_and_capacity,latent,guided,2083089,2070817,t2m,K,72.0,True,1.380601996670601,0.042158377407080394,0.0028264626640833734,1.4227603740776813,0.02963139694863237,
transformer,7,statistical:signed_measure,guided:learned:statistical:signed_measure,joint,transformer/guided:learned:statistical:signed_measure/vs_statistical:signed_measure,forecasting_route_and_capacity,latent,guided,2083089,2070817,t2m,K,96.0,True,1.584682416258434,0.04387877069521884,0.003738457733733047,1.628561186953653,0.02694327425136378,
transformer,7,statistical:signed_measure,guided:learned:statistical:signed_measure,joint,transformer/guided:learned:statistical:signed_measure/vs_statistical:signed_measure,forecasting_route_and_capacity,latent,guided,2083089,2070817,t2m,K,120.0,True,1.7477662416281368,0.024627313843543108,0.0025674138745427344,1.7723935554716799,0.013894946620356619,
transformer,7,statistical:signed_measure,guided:learned:statistical:signed_measure,joint,transformer/guided:learned:statistical:signed_measure/vs_statistical:signed_measure,forecasting_route_and_capacity,latent,guided,2083089,2070817,u10,m/s,24.0,True,1.1374875682103749,0.02093010327611311,0.003029229152829882,1.158417671486488,0.018067838389633217,
transformer,7,statistical:signed_measure,guided:learned:statistical:signed_measure,joint,transformer/guided:learned:statistical:signed_measure/vs_statistical:signed_measure,forecasting_route_and_capacity,latent,guided,2083089,2070817,u10,m/s,48.0,True,1.693030354394971,0.024847692773717567,0.006673709730276478,1.7178780471686885,0.014464177369674314,
transformer,7,statistical:signed_measure,guided:learned:statistical:signed_measure,joint,transformer/guided:learned:statistical:signed_measure/vs_statistical:signed_measure,forecasting_route_and_capacity,latent,guided,2083089,2070817,u10,m/s,72.0,True,2.0647111080459193,0.05111719289988681,0.01834307581508099,2.115828300945806,0.02415942393673276,
transformer,7,statistical:signed_measure,guided:learned:statistical:signed_measure,joint,transformer/guided:learned:statistical:signed_measure/vs_statistical:signed_measure,forecasting_route_and_capacity,latent,guided,2083089,2070817,u10,m/s,96.0,True,2.310985253875812,0.05964248325732102,0.024471764676334273,2.370627737133133,0.025158940951837683,
transformer,7,statistical:signed_measure,guided:learned:statistical:signed_measure,joint,transformer/guided:learned:statistical:signed_measure/vs_statistical:signed_measure,forecasting_route_and_capacity,latent,guided,2083089,2070817,u10,m/s,120.0,True,2.479617776102407,0.0401580673555757,0.020013267507666632,2.5197758434579827,0.015937158640454863,
transformer,7,statistical:signed_measure,guided:learned:statistical:signed_measure,joint,transformer/guided:learned:statistical:signed_measure/vs_statistical:signed_measure,forecasting_route_and_capacity,latent,guided,2083089,2070817,v10,m/s,24.0,True,1.233692501449078,-0.0103380478756534,-0.0011570531975164666,1.2233544535734246,-0.008450574439367031,
transformer,7,statistical:signed_measure,guided:learned:statistical:signed_measure,joint,transformer/guided:learned:statistical:signed_measure/vs_statistical:signed_measure,forecasting_route_and_capacity,latent,guided,2083089,2070817,v10,m/s,48.0,True,1.8116580890395864,0.02095189460453506,0.005552023320020805,1.8326099836441214,0.011432817015911145,
transformer,7,statistical:signed_measure,guided:learned:statistical:signed_measure,joint,transformer/guided:learned:statistical:signed_measure/vs_statistical:signed_measure,forecasting_route_and_capacity,latent,guided,2083089,2070817,v10,m/s,72.0,True,2.211545495526909,0.051709378064122014,0.019994724758345406,2.263254873591031,0.0228473508076783,
transformer,7,statistical:signed_measure,guided:learned:statistical:signed_measure,joint,transformer/guided:learned:statistical:signed_measure/vs_statistical:signed_measure,forecasting_route_and_capacity,latent,guided,2083089,2070817,v10,m/s,96.0,True,2.4786879011511878,0.05693702851841653,0.028084391973312806,2.5356249296696043,0.02245483070157206,
transformer,7,statistical:signed_measure,guided:learned:statistical:signed_measure,joint,transformer/guided:learned:statistical:signed_measure/vs_statistical:signed_measure,forecasting_route_and_capacity,latent,guided,2083089,2070817,v10,m/s,120.0,True,2.6568198077582124,0.030632541348094566,0.020718569530988384,2.687452349106307,0.011398357019532401,
transformer,19,statistical:signed_measure,guided:zero:statistical:signed_measure,joint,transformer/guided:zero:statistical:signed_measure/vs_statistical:signed_measure,forecasting_route_and_capacity,latent,guided,2083089,2070817,msl,Pa,24.0,True,239.64956473491017,-12.5561507222057,-0.005772583591632907,227.09341401270447,-0.05529068633185141,
transformer,19,statistical:signed_measure,guided:zero:statistical:signed_measure,joint,transformer/guided:zero:statistical:signed_measure/vs_statistical:signed_measure,forecasting_route_and_capacity,latent,guided,2083089,2070817,msl,Pa,48.0,True,388.69623316034745,-26.058910452470116,-0.023776697298385274,362.63732270787733,-0.07185942764490871,
transformer,19,statistical:signed_measure,guided:zero:statistical:signed_measure,joint,transformer/guided:zero:statistical:signed_measure/vs_statistical:signed_measure,forecasting_route_and_capacity,latent,guided,2083089,2070817,msl,Pa,72.0,True,482.7649613515069,-18.820910207467875,-0.024264048813780192,463.944051144039,-0.04056719805126807,
transformer,19,statistical:signed_measure,guided:zero:statistical:signed_measure,joint,transformer/guided:zero:statistical:signed_measure/vs_statistical:signed_measure,forecasting_route_and_capacity,latent,guided,2083089,2070817,msl,Pa,96.0,True,538.8496315098505,-6.570084387858401,-0.01297796653292893,532.2795471219921,-0.012343296719519836,
transformer,19,statistical:signed_measure,guided:zero:statistical:signed_measure,joint,transformer/guided:zero:statistical:signed_measure/vs_statistical:signed_measure,forecasting_route_and_capacity,latent,guided,2083089,2070817,msl,Pa,120.0,True,576.3552530295417,-0.6529393733457027,-0.003685030007243517,575.702313656196,-0.0011341614543791678,
transformer,19,statistical:signed_measure,guided:zero:statistical:signed_measure,joint,transformer/guided:zero:statistical:signed_measure/vs_statistical:signed_measure,forecasting_route_and_capacity,latent,guided,2083089,2070817,t2m,K,24.0,True,0.7539884658028436,0.0839224427835511,0.0035189389846952412,0.8379109085863947,0.10015676120643091,
transformer,19,statistical:signed_measure,guided:zero:statistical:signed_measure,joint,transformer/guided:zero:statistical:signed_measure/vs_statistical:signed_measure,forecasting_route_and_capacity,latent,guided,2083089,2070817,t2m,K,48.0,True,1.1533660403525756,0.0004957656241222352,6.161002215132605e-05,1.1538618059766979,0.0004296577125217915,
transformer,19,statistical:signed_measure,guided:zero:statistical:signed_measure,joint,transformer/guided:zero:statistical:signed_measure/vs_statistical:signed_measure,forecasting_route_and_capacity,latent,guided,2083089,2070817,t2m,K,72.0,True,1.4348125034765793,-0.010059755224590461,-0.0006811784478480964,1.4247527482519888,-0.007060702453062673,
transformer,19,statistical:signed_measure,guided:zero:statistical:signed_measure,joint,transformer/guided:zero:statistical:signed_measure/vs_statistical:signed_measure,forecasting_route_and_capacity,latent,guided,2083089,2070817,t2m,K,96.0,True,1.6353374475976066,-0.0005932414128362318,-3.86256274589325e-05,1.6347442061847703,-0.00036289555919011285,
transformer,19,statistical:signed_measure,guided:zero:statistical:signed_measure,joint,transformer/guided:zero:statistical:signed_measure/vs_statistical:signed_measure,forecasting_route_and_capacity,latent,guided,2083089,2070817,t2m,K,120.0,True,1.7775474682841657,0.007043318042871505,0.0009452715442634929,1.7845907863270372,0.003946741234368778,
transformer,19,statistical:signed_measure,guided:zero:statistical:signed_measure,joint,transformer/guided:zero:statistical:signed_measure/vs_statistical:signed_measure,forecasting_route_and_capacity,latent,guided,2083089,2070817,u10,m/s,24.0,True,1.2049095189012062,-0.05179129022864726,-0.007942730505817841,1.153118228672559,-0.04491411976746584,
transformer,19,statistical:signed_measure,guided:zero:statistical:signed_measure,joint,transformer/guided:zero:statistical:signed_measure/vs_statistical:signed_measure,forecasting_route_and_capacity,latent,guided,2083089,2070817,u10,m/s,48.0,True,1.836552487239529,-0.1193952752554126,-0.031043729031318135,1.7171572119841163,-0.06953077704367883,
transformer,19,statistical:signed_measure,guided:zero:statistical:signed_measure,joint,transformer/guided:zero:statistical:signed_measure/vs_statistical:signed_measure,forecasting_route_and_capacity,latent,guided,2083089,2070817,u10,m/s,72.0,True,2.206503210219383,-0.09301925791655652,-0.03459295653510197,2.1134839523028264,-0.04401228493606668,
transformer,19,statistical:signed_measure,guided:zero:statistical:signed_measure,joint,transformer/guided:zero:statistical:signed_measure/vs_statistical:signed_measure,forecasting_route_and_capacity,latent,guided,2083089,2070817,u10,m/s,96.0,True,2.415594647978391,-0.051299229684590664,-0.026703728114685132,2.3642954182938003,-0.021697470327803225,
transformer,19,statistical:signed_measure,guided:zero:statistical:signed_measure,joint,transformer/guided:zero:statistical:signed_measure/vs_statistical:signed_measure,forecasting_route_and_capacity,latent,guided,2083089,2070817,u10,m/s,120.0,True,2.5459003526480206,-0.02886237446326767,-0.01897216268847518,2.517037978184753,-0.011466801340869193,
transformer,19,statistical:signed_measure,guided:zero:statistical:signed_measure,joint,transformer/guided:zero:statistical:signed_measure/vs_statistical:signed_measure,forecasting_route_and_capacity,latent,guided,2083089,2070817,v10,m/s,24.0,True,1.2913256755469789,-0.055536414765958275,-0.009509707969436842,1.2357892607810206,-0.04494003672669811,
transformer,19,statistical:signed_measure,guided:zero:statistical:signed_measure,joint,transformer/guided:zero:statistical:signed_measure/vs_statistical:signed_measure,forecasting_route_and_capacity,latent,guided,2083089,2070817,v10,m/s,48.0,True,1.962176327111506,-0.1288845397678744,-0.035547472384308776,1.8332917873436316,-0.07030225120607936,
transformer,19,statistical:signed_measure,guided:zero:statistical:signed_measure,joint,transformer/guided:zero:statistical:signed_measure/vs_statistical:signed_measure,forecasting_route_and_capacity,latent,guided,2083089,2070817,v10,m/s,72.0,True,2.3732681782252802,-0.10702275273300321,-0.04501199234574749,2.266245425492277,-0.04722469664103368,
transformer,19,statistical:signed_measure,guided:zero:statistical:signed_measure,joint,transformer/guided:zero:statistical:signed_measure/vs_statistical:signed_measure,forecasting_route_and_capacity,latent,guided,2083089,2070817,v10,m/s,96.0,True,2.5954401660462794,-0.045637287762056555,-0.03184963507173222,2.549802878284223,-0.01789835918326599,
transformer,19,statistical:signed_measure,guided:zero:statistical:signed_measure,joint,transformer/guided:zero:statistical:signed_measure/vs_statistical:signed_measure,forecasting_route_and_capacity,latent,guided,2083089,2070817,v10,m/s,120.0,True,2.7242126598079843,-0.015642537849616556,-0.018419945495584567,2.7085701219583678,-0.005775201359123905,
transformer,19,statistical:signed_measure,guided:learned:statistical:signed_measure,joint,transformer/guided:learned:statistical:signed_measure/vs_statistical:signed_measure,forecasting_route_and_capacity,latent,guided,2083089,2070817,msl,Pa,24.0,True,217.50508172139223,9.588332291312241,0.005006228775755073,227.09341401270447,0.04222197430514574,
transformer,19,statistical:signed_measure,guided:learned:statistical:signed_measure,joint,transformer/guided:learned:statistical:signed_measure/vs_statistical:signed_measure,forecasting_route_and_capacity,latent,guided,2083089,2070817,msl,Pa,48.0,True,345.0056831446664,17.63163956321091,0.01656637352354773,362.63732270787733,0.0486205871793679,
transformer,19,statistical:signed_measure,guided:learned:statistical:signed_measure,joint,transformer/guided:learned:statistical:signed_measure/vs_statistical:signed_measure,forecasting_route_and_capacity,latent,guided,2083089,2070817,msl,Pa,72.0,True,440.67306131533655,23.270989828702454,0.03166667606169504,463.944051144039,0.050159043469398035,
transformer,19,statistical:signed_measure,guided:learned:statistical:signed_measure,joint,transformer/guided:learned:statistical:signed_measure/vs_statistical:signed_measure,forecasting_route_and_capacity,latent,guided,2083089,2070817,msl,Pa,96.0,True,509.29259003264514,22.98695708934696,0.038463239063118326,532.2795471219921,0.04318587331344259,
transformer,19,statistical:signed_measure,guided:learned:statistical:signed_measure,joint,transformer/guided:learned:statistical:signed_measure/vs_statistical:signed_measure,forecasting_route_and_capacity,latent,guided,2083089,2070817,msl,Pa,120.0,True,557.6330676247493,18.06924603144671,0.037317598232619376,575.702313656196,0.031386439836747826,
transformer,19,statistical:signed_measure,guided:learned:statistical:signed_measure,joint,transformer/guided:learned:statistical:signed_measure/vs_statistical:signed_measure,forecasting_route_and_capacity,latent,guided,2083089,2070817,t2m,K,24.0,True,0.7463478530627398,0.09156305552365496,0.003805743031589315,0.8379109085863947,0.10927540695003868,
transformer,19,statistical:signed_measure,guided:learned:statistical:signed_measure,joint,transformer/guided:learned:statistical:signed_measure/vs_statistical:signed_measure,forecasting_route_and_capacity,latent,guided,2083089,2070817,t2m,K,48.0,True,1.1169366696732506,0.03692513630344729,0.002446784223778531,1.1538618059766979,0.032001350692244857,
transformer,19,statistical:signed_measure,guided:learned:statistical:signed_measure,joint,transformer/guided:learned:statistical:signed_measure/vs_statistical:signed_measure,forecasting_route_and_capacity,latent,guided,2083089,2070817,t2m,K,72.0,True,1.3792130546418702,0.04553969361011867,0.003976968702107286,1.4247527482519888,0.031963225665639694,
transformer,19,statistical:signed_measure,guided:learned:statistical:signed_measure,joint,transformer/guided:learned:statistical:signed_measure/vs_statistical:signed_measure,forecasting_route_and_capacity,latent,guided,2083089,2070817,t2m,K,96.0,True,1.582164050441176,0.052580155743594315,0.005243916599144471,1.6347442061847703,0.03216414870575257,
transformer,19,statistical:signed_measure,guided:learned:statistical:signed_measure,joint,transformer/guided:learned:statistical:signed_measure/vs_statistical:signed_measure,forecasting_route_and_capacity,latent,guided,2083089,2070817,t2m,K,120.0,True,1.7396099668425893,0.044980819484447876,0.005054469474131351,1.7845907863270372,0.02520511695402472,
transformer,19,statistical:signed_measure,guided:learned:statistical:signed_measure,joint,transformer/guided:learned:statistical:signed_measure/vs_statistical:signed_measure,forecasting_route_and_capacity,latent,guided,2083089,2070817,u10,m/s,24.0,True,1.1411440021959927,0.011974226476566319,0.001585708810015074,1.153118228672559,0.010384214019711346,
transformer,19,statistical:signed_measure,guided:learned:statistical:signed_measure,joint,transformer/guided:learned:statistical:signed_measure/vs_statistical:signed_measure,forecasting_route_and_capacity,latent,guided,2083089,2070817,u10,m/s,48.0,True,1.7056907347859231,0.011466477198193159,0.003158827627253391,1.7171572119841163,0.006677593127855763,
transformer,19,statistical:signed_measure,guided:learned:statistical:signed_measure,joint,transformer/guided:learned:statistical:signed_measure/vs_statistical:signed_measure,forecasting_route_and_capacity,latent,guided,2083089,2070817,u10,m/s,72.0,True,2.076886548245576,0.036597404057250316,0.013936992696316541,2.1134839523028264,0.01731614948737803,
transformer,19,statistical:signed_measure,guided:learned:statistical:signed_measure,joint,transformer/guided:learned:statistical:signed_measure/vs_statistical:signed_measure,forecasting_route_and_capacity,latent,guided,2083089,2070817,u10,m/s,96.0,True,2.3199510856354615,0.044344332658338814,0.02006407350222006,2.3642954182938003,0.018755834112447745,
transformer,19,statistical:signed_measure,guided:learned:statistical:signed_measure,joint,transformer/guided:learned:statistical:signed_measure/vs_statistical:signed_measure,forecasting_route_and_capacity,latent,guided,2083089,2070817,u10,m/s,120.0,True,2.483600366096005,0.03343761208874785,0.0194781217951967,2.517037978184753,0.013284508369977965,
transformer,19,statistical:signed_measure,guided:learned:statistical:signed_measure,joint,transformer/guided:learned:statistical:signed_measure/vs_statistical:signed_measure,forecasting_route_and_capacity,latent,guided,2083089,2070817,v10,m/s,24.0,True,1.2338100059979153,0.001979254783105233,-0.00025188275975107643,1.2357892607810206,0.0016016118976907023,
transformer,19,statistical:signed_measure,guided:learned:statistical:signed_measure,joint,transformer/guided:learned:statistical:signed_measure/vs_statistical:signed_measure,forecasting_route_and_capacity,latent,guided,2083089,2070817,v10,m/s,48.0,True,1.814615372360969,0.018676414982662592,0.005166190101148049,1.8332917873436316,0.010187366305569934,
transformer,19,statistical:signed_measure,guided:learned:statistical:signed_measure,joint,transformer/guided:learned:statistical:signed_measure/vs_statistical:signed_measure,forecasting_route_and_capacity,latent,guided,2083089,2070817,v10,m/s,72.0,True,2.223834511101209,0.04241091439106803,0.01768949566305633,2.266245425492277,0.018714175399540123,
transformer,19,statistical:signed_measure,guided:learned:statistical:signed_measure,joint,transformer/guided:learned:statistical:signed_measure/vs_statistical:signed_measure,forecasting_route_and_capacity,latent,guided,2083089,2070817,v10,m/s,96.0,True,2.4970138620951925,0.05278901618903031,0.025833640332204366,2.549802878284223,0.02070317538607236,
transformer,19,statistical:signed_measure,guided:learned:statistical:signed_measure,joint,transformer/guided:learned:statistical:signed_measure/vs_statistical:signed_measure,forecasting_route_and_capacity,latent,guided,2083089,2070817,v10,m/s,120.0,True,2.6691500981692897,0.03942002378907805,0.025404549072213733,2.7085701219583678,0.014553813271991789,
transformer,43,statistical:signed_measure,guided:zero:statistical:signed_measure,joint,transformer/guided:zero:statistical:signed_measure/vs_statistical:signed_measure,forecasting_route_and_capacity,latent,guided,2083089,2070817,msl,Pa,24.0,True,222.19280125827507,-3.4359125439843012,-0.0018815214286267423,218.75688871429077,-0.015706534153865137,
transformer,43,statistical:signed_measure,guided:zero:statistical:signed_measure,joint,transformer/guided:zero:statistical:signed_measure/vs_statistical:signed_measure,forecasting_route_and_capacity,latent,guided,2083089,2070817,msl,Pa,48.0,True,370.5626730376823,-17.91769033443245,-0.0160984784494117,352.64498270324987,-0.05080942935039623,
transformer,43,statistical:signed_measure,guided:zero:statistical:signed_measure,joint,transformer/guided:zero:statistical:signed_measure/vs_statistical:signed_measure,forecasting_route_and_capacity,latent,guided,2083089,2070817,msl,Pa,72.0,True,468.1043180269849,-12.055745939135363,-0.014991817537016172,456.04857208784955,-0.026435223520035578,
transformer,43,statistical:signed_measure,guided:zero:statistical:signed_measure,joint,transformer/guided:zero:statistical:signed_measure/vs_statistical:signed_measure,forecasting_route_and_capacity,latent,guided,2083089,2070817,msl,Pa,96.0,True,529.7390682259271,-1.0076900929401518,-0.003536584211743743,528.731378132987,-0.001905863988058476,
transformer,43,statistical:signed_measure,guided:zero:statistical:signed_measure,joint,transformer/guided:zero:statistical:signed_measure/vs_statistical:signed_measure,forecasting_route_and_capacity,latent,guided,2083089,2070817,msl,Pa,120.0,True,570.6329063001745,3.6595827565066656,0.004258270756074101,574.2924890566811,0.006372332611415121,
transformer,43,statistical:signed_measure,guided:zero:statistical:signed_measure,joint,transformer/guided:zero:statistical:signed_measure/vs_statistical:signed_measure,forecasting_route_and_capacity,latent,guided,2083089,2070817,t2m,K,24.0,True,0.7386335874686613,0.056237109560198895,0.0023647726572233463,0.7948706970288602,0.07075000974423518,
transformer,43,statistical:signed_measure,guided:zero:statistical:signed_measure,joint,transformer/guided:zero:statistical:signed_measure/vs_statistical:signed_measure,forecasting_route_and_capacity,latent,guided,2083089,2070817,t2m,K,48.0,True,1.1419692095666718,-0.026946670249243132,-0.0016761338291508832,1.1150225393174287,-0.024166928738264648,
transformer,43,statistical:signed_measure,guided:zero:statistical:signed_measure,joint,transformer/guided:zero:statistical:signed_measure/vs_statistical:signed_measure,forecasting_route_and_capacity,latent,guided,2083089,2070817,t2m,K,72.0,True,1.428501979707708,-0.039304478626534856,-0.002964938759883573,1.3891975010811732,-0.02829293789827969,
transformer,43,statistical:signed_measure,guided:zero:statistical:signed_measure,joint,transformer/guided:zero:statistical:signed_measure/vs_statistical:signed_measure,forecasting_route_and_capacity,latent,guided,2083089,2070817,t2m,K,96.0,True,1.6353037248052142,-0.020754947083061248,-0.001809772551583877,1.614548777722153,-0.012854952027118616,
transformer,43,statistical:signed_measure,guided:zero:statistical:signed_measure,joint,transformer/guided:zero:statistical:signed_measure/vs_statistical:signed_measure,forecasting_route_and_capacity,latent,guided,2083089,2070817,t2m,K,120.0,True,1.7888382610610014,-0.010506987659423705,-0.00047470686434369913,1.7783312734015777,-0.005908341047911714,
transformer,43,statistical:signed_measure,guided:zero:statistical:signed_measure,joint,transformer/guided:zero:statistical:signed_measure/vs_statistical:signed_measure,forecasting_route_and_capacity,latent,guided,2083089,2070817,u10,m/s,24.0,True,1.167408574538156,-0.03078252246160229,-0.004681477454271499,1.1366260520765537,-0.027082365748492432,
transformer,43,statistical:signed_measure,guided:zero:statistical:signed_measure,joint,transformer/guided:zero:statistical:signed_measure/vs_statistical:signed_measure,forecasting_route_and_capacity,latent,guided,2083089,2070817,u10,m/s,48.0,True,1.7917913917437205,-0.09512686612559307,-0.02361984009161222,1.6966645256181274,-0.05606698595347637,
transformer,43,statistical:signed_measure,guided:zero:statistical:signed_measure,joint,transformer/guided:zero:statistical:signed_measure/vs_statistical:signed_measure,forecasting_route_and_capacity,latent,guided,2083089,2070817,u10,m/s,72.0,True,2.1708591176783965,-0.06653677088172616,-0.023423243230090374,2.1043223467966703,-0.031619096277246905,
transformer,43,statistical:signed_measure,guided:zero:statistical:signed_measure,joint,transformer/guided:zero:statistical:signed_measure/vs_statistical:signed_measure,forecasting_route_and_capacity,latent,guided,2083089,2070817,u10,m/s,96.0,True,2.391148807251244,-0.01699231211765273,-0.011161590162882318,2.374156495133591,-0.007157199684385773,
transformer,43,statistical:signed_measure,guided:zero:statistical:signed_measure,joint,transformer/guided:zero:statistical:signed_measure/vs_statistical:signed_measure,forecasting_route_and_capacity,latent,guided,2083089,2070817,u10,m/s,120.0,True,2.5294961062387,0.0040754195808037075,-0.0031313661640455237,2.5335715258195037,0.0016085670127214957,
transformer,43,statistical:signed_measure,guided:zero:statistical:signed_measure,joint,transformer/guided:zero:statistical:signed_measure/vs_statistical:signed_measure,forecasting_route_and_capacity,latent,guided,2083089,2070817,v10,m/s,24.0,True,1.2430894547824447,-0.03879025922542523,-0.006404509975543982,1.2042991955570195,-0.03220981909523224,
transformer,43,statistical:signed_measure,guided:zero:statistical:signed_measure,joint,transformer/guided:zero:statistical:signed_measure/vs_statistical:signed_measure,forecasting_route_and_capacity,latent,guided,2083089,2070817,v10,m/s,48.0,True,1.9012238928463132,-0.09826048808480303,-0.02619212447909558,1.8029634047615102,-0.05449943566536253,
transformer,43,statistical:signed_measure,guided:zero:statistical:signed_measure,joint,transformer/guided:zero:statistical:signed_measure/vs_statistical:signed_measure,forecasting_route_and_capacity,latent,guided,2083089,2070817,v10,m/s,72.0,True,2.320488597896602,-0.07437509421205979,-0.030642455045015282,2.2461135036845423,-0.03311279420655033,
transformer,43,statistical:signed_measure,guided:zero:statistical:signed_measure,joint,transformer/guided:zero:statistical:signed_measure/vs_statistical:signed_measure,forecasting_route_and_capacity,latent,guided,2083089,2070817,v10,m/s,96.0,True,2.5668021117900834,-0.02115238311258949,-0.018677018477868623,2.545649728677494,-0.008309227649940132,
transformer,43,statistical:signed_measure,guided:zero:statistical:signed_measure,joint,transformer/guided:zero:statistical:signed_measure/vs_statistical:signed_measure,forecasting_route_and_capacity,latent,guided,2083089,2070817,v10,m/s,120.0,True,2.705250975859955,0.01040406233571467,-0.0037232182715236095,2.7156550381956697,0.003831142832716794,
transformer,43,statistical:signed_measure,guided:learned:statistical:signed_measure,joint,transformer/guided:learned:statistical:signed_measure/vs_statistical:signed_measure,forecasting_route_and_capacity,latent,guided,2083089,2070817,msl,Pa,24.0,True,213.41780633139902,5.339082382891746,0.0023051251294711195,218.75688871429077,0.0244064651598922,
transformer,43,statistical:signed_measure,guided:learned:statistical:signed_measure,joint,transformer/guided:learned:statistical:signed_measure/vs_statistical:signed_measure,forecasting_route_and_capacity,latent,guided,2083089,2070817,msl,Pa,48.0,True,340.7959939723742,11.848988730875647,0.010470199548593184,352.64498270324987,0.033600332663307864,
transformer,43,statistical:signed_measure,guided:learned:statistical:signed_measure,joint,transformer/guided:learned:statistical:signed_measure/vs_statistical:signed_measure,forecasting_route_and_capacity,latent,guided,2083089,2070817,msl,Pa,72.0,True,435.60959847798983,20.438973609859715,0.026970083975430992,456.04857208784955,0.04481753668537425,
transformer,43,statistical:signed_measure,guided:learned:statistical:signed_measure,joint,transformer/guided:learned:statistical:signed_measure/vs_statistical:signed_measure,forecasting_route_and_capacity,latent,guided,2083089,2070817,msl,Pa,96.0,True,501.9528246938768,26.77855343911017,0.04334787100678117,528.731378132987,0.050646802037110805,
transformer,43,statistical:signed_measure,guided:learned:statistical:signed_measure,joint,transformer/guided:learned:statistical:signed_measure/vs_statistical:signed_measure,forecasting_route_and_capacity,latent,guided,2083089,2070817,msl,Pa,120.0,True,549.8787062435781,24.413782813103012,0.046601568477972366,574.2924890566811,0.04251106061513099,
transformer,43,statistical:signed_measure,guided:learned:statistical:signed_measure,joint,transformer/guided:learned:statistical:signed_measure/vs_statistical:signed_measure,forecasting_route_and_capacity,latent,guided,2083089,2070817,t2m,K,24.0,True,0.7464846498881876,0.04838604714067252,0.0021105984990541504,0.7948706970288602,0.060872853058408505,
transformer,43,statistical:signed_measure,guided:learned:statistical:signed_measure,joint,transformer/guided:learned:statistical:signed_measure/vs_statistical:signed_measure,forecasting_route_and_capacity,latent,guided,2083089,2070817,t2m,K,48.0,True,1.1185281600883805,-0.003505620770951845,-0.0001175919251483748,1.1150225393174287,-0.0031439909484680673,
transformer,43,statistical:signed_measure,guided:learned:statistical:signed_measure,joint,transformer/guided:learned:statistical:signed_measure/vs_statistical:signed_measure,forecasting_route_and_capacity,latent,guided,2083089,2070817,t2m,K,72.0,True,1.3793960067801536,0.00980149430101962,0.0008420029856095468,1.3891975010811732,0.007055508157329249,
transformer,43,statistical:signed_measure,guided:learned:statistical:signed_measure,joint,transformer/guided:learned:statistical:signed_measure/vs_statistical:signed_measure,forecasting_route_and_capacity,latent,guided,2083089,2070817,t2m,K,96.0,True,1.5759617445424916,0.03858703317966139,0.0038110676496747597,1.614548777722153,0.02389957721444691,
transformer,43,statistical:signed_measure,guided:learned:statistical:signed_measure,joint,transformer/guided:learned:statistical:signed_measure/vs_statistical:signed_measure,forecasting_route_and_capacity,latent,guided,2083089,2070817,t2m,K,120.0,True,1.7257229282657816,0.05260834513579615,0.006353951669683222,1.7783312734015777,0.029582983734615098,
transformer,43,statistical:signed_measure,guided:learned:statistical:signed_measure,joint,transformer/guided:learned:statistical:signed_measure/vs_statistical:signed_measure,forecasting_route_and_capacity,latent,guided,2083089,2070817,u10,m/s,24.0,True,1.144113036099104,-0.007486984022550436,-0.0011060545972899627,1.1366260520765537,-0.006587024825686516,
transformer,43,statistical:signed_measure,guided:learned:statistical:signed_measure,joint,transformer/guided:learned:statistical:signed_measure/vs_statistical:signed_measure,forecasting_route_and_capacity,latent,guided,2083089,2070817,u10,m/s,48.0,True,1.6991339100452394,-0.002469384427111976,0.0012925783835641136,1.6966645256181274,-0.0014554347013369107,
transformer,43,statistical:signed_measure,guided:learned:statistical:signed_measure,joint,transformer/guided:learned:statistical:signed_measure/vs_statistical:signed_measure,forecasting_route_and_capacity,latent,guided,2083089,2070817,u10,m/s,72.0,True,2.0604562791553613,0.04386606764130896,0.017014728626138953,2.1043223467966703,0.020845697764928728,
transformer,43,statistical:signed_measure,guided:learned:statistical:signed_measure,joint,transformer/guided:learned:statistical:signed_measure/vs_statistical:signed_measure,forecasting_route_and_capacity,latent,guided,2083089,2070817,u10,m/s,96.0,True,2.296527532635438,0.07762896249815299,0.03216941457730127,2.374156495133591,0.032697491785934174,
transformer,43,statistical:signed_measure,guided:learned:statistical:signed_measure,joint,transformer/guided:learned:statistical:signed_measure/vs_statistical:signed_measure,forecasting_route_and_capacity,latent,guided,2083089,2070817,u10,m/s,120.0,True,2.4639428658858384,0.0696286599336653,0.033055023428128494,2.5335715258195037,0.027482413353672075,
transformer,43,statistical:signed_measure,guided:learned:statistical:signed_measure,joint,transformer/guided:learned:statistical:signed_measure/vs_statistical:signed_measure,forecasting_route_and_capacity,latent,guided,2083089,2070817,v10,m/s,24.0,True,1.2262179767563353,-0.021918781199315784,-0.003819932712389673,1.2042991955570195,-0.01820044493941375,
transformer,43,statistical:signed_measure,guided:learned:statistical:signed_measure,joint,transformer/guided:learned:statistical:signed_measure/vs_statistical:signed_measure,forecasting_route_and_capacity,latent,guided,2083089,2070817,v10,m/s,48.0,True,1.80799129993331,-0.005027895171799912,-0.0005373599587585876,1.8029634047615102,-0.0027886839846673617,
transformer,43,statistical:signed_measure,guided:learned:statistical:signed_measure,joint,transformer/guided:learned:statistical:signed_measure/vs_statistical:signed_measure,forecasting_route_and_capacity,latent,guided,2083089,2070817,v10,m/s,72.0,True,2.2030927881337936,0.04302071555074871,0.01726799275128965,2.2461135036845423,0.01915340230143192,
transformer,43,statistical:signed_measure,guided:learned:statistical:signed_measure,joint,transformer/guided:learned:statistical:signed_measure/vs_statistical:signed_measure,forecasting_route_and_capacity,latent,guided,2083089,2070817,v10,m/s,96.0,True,2.4657474431488655,0.07990228552862844,0.03645808874331624,2.545649728677494,0.031387776813324164,
transformer,43,statistical:signed_measure,guided:learned:statistical:signed_measure,joint,transformer/guided:learned:statistical:signed_measure/vs_statistical:signed_measure,forecasting_route_and_capacity,latent,guided,2083089,2070817,v10,m/s,120.0,True,2.640900936420318,0.07475410177535169,0.04193348892095944,2.7156550381956697,0.02752709778080642,
